Date,Company,Close,Actual_Close,Predicted_Close,Best_Model
2023-12-15,HCLTECH,1491.300048828125,1504.300048828125,1489.6809025793277,Linear Regression
2023-12-18,HCLTECH,1504.300048828125,1488.300048828125,1505.2017997098153,Linear Regression
2023-12-19,HCLTECH,1488.300048828125,1439.949951171875,1489.081651614668,Linear Regression
2023-12-20,HCLTECH,1439.949951171875,1422.050048828125,1445.0589449605345,Linear Regression
2023-12-21,HCLTECH,1422.050048828125,1462.699951171875,1429.9822139074347,Linear Regression
2023-12-22,HCLTECH,1462.699951171875,1458.1500244140625,1461.1012630764326,Linear Regression
2023-12-26,HCLTECH,1458.1500244140625,1472.050048828125,1456.6238349942296,Linear Regression
2023-12-27,HCLTECH,1472.050048828125,1472.449951171875,1472.555594181301,Linear Regression
2023-12-28,HCLTECH,1472.449951171875,1466.0999755859375,1476.6546766803872,Linear Regression
2023-12-29,HCLTECH,1466.0999755859375,1483.75,1467.552684426648,Linear Regression
2024-01-01,HCLTECH,1483.75,1469.550048828125,1485.1920661006418,Linear Regression
2024-01-02,HCLTECH,1469.550048828125,1437.75,1470.089298017659,Linear Regression
2024-01-03,HCLTECH,1437.75,1419.949951171875,1439.5871288850065,Linear Regression
2024-01-04,HCLTECH,1419.949951171875,1432.800048828125,1421.9931853069122,Linear Regression
2024-01-05,HCLTECH,1432.800048828125,1447.9000244140625,1433.9962215402404,Linear Regression
2024-01-08,HCLTECH,1447.9000244140625,1460.4000244140625,1447.9970299402005,Linear Regression
2024-01-09,HCLTECH,1460.4000244140625,1492.0999755859375,1464.1871106217477,Linear Regression
2024-01-10,HCLTECH,1492.0999755859375,1484.800048828125,1493.0163510319078,Linear Regression
2024-01-11,HCLTECH,1484.800048828125,1540.800048828125,1482.6006969137645,Linear Regression
2024-01-12,HCLTECH,1540.800048828125,1588.199951171875,1540.8172784610897,Linear Regression
2024-01-15,HCLTECH,1588.199951171875,1555.449951171875,1589.2901794437275,Linear Regression
2024-01-16,HCLTECH,1555.449951171875,1575.9000244140625,1552.252909669239,Linear Regression
2024-01-17,HCLTECH,1575.9000244140625,1567.550048828125,1574.5897581133145,Linear Regression
2024-01-18,HCLTECH,1567.550048828125,1567.949951171875,1561.9305818201647,Linear Regression
2024-01-19,HCLTECH,1567.949951171875,1523.6500244140625,1572.1742897488743,Linear Regression
2024-01-23,HCLTECH,1523.6500244140625,1576.4000244140625,1525.474926102511,Linear Regression
2024-01-24,HCLTECH,1576.4000244140625,1550.25,1573.7264419344608,Linear Regression
2024-01-25,HCLTECH,1550.25,1574.550048828125,1548.048830323049,Linear Regression
2024-01-29,HCLTECH,1574.550048828125,1559.300048828125,1574.7627080806756,Linear Regression
2024-01-30,HCLTECH,1559.300048828125,1576.0,1563.17888490623,Linear Regression
2024-01-31,HCLTECH,1576.0,1577.4000244140625,1574.1385691709195,Linear Regression
2024-02-01,HCLTECH,1577.4000244140625,1583.75,1581.4157116452454,Linear Regression
2024-02-02,HCLTECH,1583.75,1555.3499755859375,1590.2681582756788,Linear Regression
2024-02-05,HCLTECH,1555.3499755859375,1623.75,1556.879293124398,Linear Regression
2024-02-06,HCLTECH,1623.75,1615.3499755859375,1619.3438323477585,Linear Regression
2024-02-07,HCLTECH,1615.3499755859375,1633.800048828125,1612.9287304494512,Linear Regression
2024-02-08,HCLTECH,1633.800048828125,1630.5999755859375,1636.189880297481,Linear Regression
2024-02-09,HCLTECH,1630.5999755859375,1666.949951171875,1629.3871360220885,Linear Regression
2024-02-12,HCLTECH,1666.949951171875,1665.5999755859375,1671.415932824301,Linear Regression
2024-02-13,HCLTECH,1665.5999755859375,1671.5,1662.629061820214,Linear Regression
2024-02-14,HCLTECH,1671.5,1662.550048828125,1665.458716484017,Linear Regression
2024-02-15,HCLTECH,1662.550048828125,1667.449951171875,1665.2407440677243,Linear Regression
2024-02-16,HCLTECH,1667.449951171875,1675.25,1664.8968397895912,Linear Regression
2024-02-19,HCLTECH,1675.25,1663.050048828125,1675.913972068594,Linear Regression
2024-02-20,HCLTECH,1663.050048828125,1636.300048828125,1662.4672199723516,Linear Regression
2024-02-21,HCLTECH,1636.300048828125,1686.4000244140625,1639.1406532650606,Linear Regression
2024-02-22,HCLTECH,1686.4000244140625,1665.75,1684.7367477191856,Linear Regression
2024-02-23,HCLTECH,1665.75,1649.800048828125,1667.3231691537576,Linear Regression
2024-02-26,HCLTECH,1649.800048828125,1658.800048828125,1649.3797489207373,Linear Regression
2024-02-27,HCLTECH,1658.800048828125,1651.9000244140625,1663.286781403842,Linear Regression
2024-02-28,HCLTECH,1651.9000244140625,1663.8499755859375,1653.1873772393496,Linear Regression
2024-02-29,HCLTECH,1663.8499755859375,1644.0999755859375,1665.39497144492,Linear Regression
2024-03-01,HCLTECH,1644.0999755859375,1637.949951171875,1645.1693280595862,Linear Regression
2024-03-04,HCLTECH,1637.949951171875,1619.3499755859375,1639.8940534214191,Linear Regression
2024-03-05,HCLTECH,1619.3499755859375,1644.199951171875,1618.2773225252736,Linear Regression
2024-03-06,HCLTECH,1644.199951171875,1637.6500244140625,1641.395223065874,Linear Regression
2024-03-07,HCLTECH,1637.6500244140625,1638.6500244140625,1638.0806024957521,Linear Regression
2024-03-11,HCLTECH,1638.6500244140625,1635.5999755859375,1639.5187157791986,Linear Regression
2024-03-12,HCLTECH,1635.5999755859375,1631.5,1643.5702768145768,Linear Regression
2024-03-13,HCLTECH,1631.5,1679.25,1629.301833019817,Linear Regression
2024-03-14,HCLTECH,1679.25,1647.300048828125,1670.6310098446015,Linear Regression
2024-03-15,HCLTECH,1647.300048828125,1643.4000244140625,1648.2029144514295,Linear Regression
2024-03-18,HCLTECH,1643.4000244140625,1599.1500244140625,1645.9655833917989,Linear Regression
2024-03-19,HCLTECH,1599.1500244140625,1587.0999755859375,1599.3619054064673,Linear Regression
2024-03-20,HCLTECH,1587.0999755859375,1595.800048828125,1589.511664572097,Linear Regression
2024-03-21,HCLTECH,1595.800048828125,1557.8499755859375,1596.8869971609936,Linear Regression
2024-03-22,HCLTECH,1557.8499755859375,1562.25,1546.0685765918076,Linear Regression
2024-03-26,HCLTECH,1562.25,1546.199951171875,1569.540815825778,Linear Regression
2024-03-27,HCLTECH,1546.199951171875,1543.550048828125,1548.2578487150079,Linear Regression
2024-03-28,HCLTECH,1543.550048828125,1556.699951171875,1544.9322900607315,Linear Regression
2024-04-01,HCLTECH,1556.699951171875,1528.300048828125,1561.5950026910743,Linear Regression
2024-04-02,HCLTECH,1528.300048828125,1535.8499755859375,1531.3202670090795,Linear Regression
2024-04-03,HCLTECH,1535.8499755859375,1539.6500244140625,1540.7889516721534,Linear Regression
2024-04-04,HCLTECH,1539.6500244140625,1545.25,1538.7527487615039,Linear Regression
2024-04-05,HCLTECH,1545.25,1540.050048828125,1543.2163417783056,Linear Regression
2024-04-08,HCLTECH,1540.050048828125,1540.5,1543.118808206215,Linear Regression
2024-04-09,HCLTECH,1540.5,1539.1500244140625,1547.6403841900824,Linear Regression
2024-04-10,HCLTECH,1539.1500244140625,1521.5,1544.8277079530321,Linear Regression
2024-04-12,HCLTECH,1521.5,1505.050048828125,1524.9725567367439,Linear Regression
2024-04-15,HCLTECH,1505.050048828125,1477.300048828125,1510.7178715221828,Linear Regression
2024-04-16,HCLTECH,1477.300048828125,1466.8499755859375,1481.1157777114945,Linear Regression
2024-04-18,HCLTECH,1466.8499755859375,1447.5,1466.5977728713458,Linear Regression
2024-04-19,HCLTECH,1447.5,1465.9000244140625,1450.2770816222592,Linear Regression
2024-04-22,HCLTECH,1465.9000244140625,1486.6500244140625,1469.854627609179,Linear Regression
2024-04-23,HCLTECH,1486.6500244140625,1479.25,1492.2182324668445,Linear Regression
2024-04-24,HCLTECH,1479.25,1504.1500244140625,1484.2712402599354,Linear Regression
2024-04-25,HCLTECH,1504.1500244140625,1473.8499755859375,1509.146465296812,Linear Regression
2024-04-26,HCLTECH,1473.8499755859375,1387.4000244140625,1478.3849702932343,Linear Regression
2024-04-29,HCLTECH,1387.4000244140625,1366.5999755859375,1393.3037490286451,Linear Regression
2024-04-30,HCLTECH,1366.5999755859375,1360.699951171875,1373.4122639647464,Linear Regression
2024-05-02,HCLTECH,1360.699951171875,1348.050048828125,1367.9064520352904,Linear Regression
2024-05-03,HCLTECH,1348.050048828125,1358.800048828125,1346.5368865176642,Linear Regression
2024-05-06,HCLTECH,1358.800048828125,1330.949951171875,1360.8118750137476,Linear Regression
2024-05-07,HCLTECH,1330.949951171875,1313.6500244140625,1333.0599690202944,Linear Regression
2024-05-08,HCLTECH,1313.6500244140625,1320.050048828125,1315.6894247820833,Linear Regression
2024-05-09,HCLTECH,1320.050048828125,1316.199951171875,1327.6798812157283,Linear Regression
2024-05-10,HCLTECH,1316.199951171875,1312.9000244140625,1316.6409862241787,Linear Regression
2024-05-13,HCLTECH,1312.9000244140625,1321.050048828125,1314.7283950987137,Linear Regression
2024-05-14,HCLTECH,1321.050048828125,1332.9000244140625,1322.7744202961235,Linear Regression
2024-05-15,HCLTECH,1332.9000244140625,1348.1500244140625,1337.9351094197868,Linear Regression
2024-05-16,HCLTECH,1348.1500244140625,1333.199951171875,1349.9414928707383,Linear Regression
2024-05-17,HCLTECH,1333.199951171875,1341.9000244140625,1337.2400548861588,Linear Regression
2024-05-21,HCLTECH,1341.9000244140625,1343.050048828125,1346.0789885378965,Linear Regression
2024-05-22,HCLTECH,1343.050048828125,1353.550048828125,1347.9451038623106,Linear Regression
2024-05-23,HCLTECH,1353.550048828125,1345.199951171875,1356.2818350231855,Linear Regression
2024-05-24,HCLTECH,1345.199951171875,1353.300048828125,1348.6498760682412,Linear Regression
2024-05-27,HCLTECH,1353.300048828125,1358.4000244140625,1355.3329180882645,Linear Regression
2024-05-28,HCLTECH,1358.4000244140625,1353.0999755859375,1360.2916886873993,Linear Regression
2024-05-29,HCLTECH,1353.0999755859375,1331.8499755859375,1355.6952296384802,Linear Regression
2024-05-30,HCLTECH,1331.8499755859375,1324.0999755859375,1335.1432871308093,Linear Regression
2024-05-31,HCLTECH,1324.0999755859375,1314.449951171875,1327.5397958175847,Linear Regression
2024-06-03,HCLTECH,1314.449951171875,1303.550048828125,1317.545777117216,Linear Regression
2024-06-04,HCLTECH,1303.550048828125,1343.699951171875,1284.1437451420563,Linear Regression
2024-06-05,HCLTECH,1343.699951171875,1397.5,1347.33016679219,Linear Regression
2024-06-06,HCLTECH,1397.5,1431.5,1397.5936457158105,Linear Regression
2024-06-07,HCLTECH,1431.5,1418.75,1432.8462817591592,Linear Regression
2024-06-10,HCLTECH,1418.75,1428.800048828125,1416.6689301270894,Linear Regression
2024-06-11,HCLTECH,1428.800048828125,1438.75,1432.0028829218513,Linear Regression
2024-06-12,HCLTECH,1438.75,1444.1500244140625,1441.7370396137142,Linear Regression
2024-06-13,HCLTECH,1444.1500244140625,1431.050048828125,1448.5395357903462,Linear Regression
2024-06-14,HCLTECH,1431.050048828125,1437.199951171875,1433.292775872373,Linear Regression
2024-06-18,HCLTECH,1437.199951171875,1445.8499755859375,1439.8844846644172,Linear Regression
2024-06-19,HCLTECH,1445.8499755859375,1443.449951171875,1447.3368048047653,Linear Regression
2024-06-20,HCLTECH,1443.449951171875,1447.8499755859375,1442.3065624740527,Linear Regression
2024-06-21,HCLTECH,1447.8499755859375,1440.8499755859375,1452.8118042202825,Linear Regression
2024-06-24,HCLTECH,1440.8499755859375,1447.949951171875,1440.4940655934192,Linear Regression
2024-06-25,HCLTECH,1447.949951171875,1443.699951171875,1445.7107323911594,Linear Regression
2024-06-26,HCLTECH,1443.699951171875,1454.9000244140625,1445.7111623975404,Linear Regression
2024-06-27,HCLTECH,1454.9000244140625,1459.5999755859375,1453.1734161148377,Linear Regression
2024-06-28,HCLTECH,1459.5999755859375,1468.8499755859375,1456.534749522811,Linear Regression
2024-07-01,HCLTECH,1468.8499755859375,1480.800048828125,1469.75098387759,Linear Regression
2024-07-02,HCLTECH,1480.800048828125,1481.0,1484.4904735972787,Linear Regression
2024-07-03,HCLTECH,1481.0,1522.3499755859375,1479.510582919787,Linear Regression
2024-07-04,HCLTECH,1522.3499755859375,1519.4000244140625,1523.6297797472364,Linear Regression
2024-07-05,HCLTECH,1519.4000244140625,1533.4000244140625,1517.9224929359,Linear Regression
2024-07-08,HCLTECH,1533.4000244140625,1531.0999755859375,1528.9468417088572,Linear Regression
2024-07-09,HCLTECH,1531.0999755859375,1509.949951171875,1533.7288445756585,Linear Regression
2024-07-10,HCLTECH,1509.949951171875,1511.9000244140625,1504.1152697419575,Linear Regression
2024-07-11,HCLTECH,1511.9000244140625,1560.199951171875,1516.3475387833505,Linear Regression
2024-07-12,HCLTECH,1560.199951171875,1569.5999755859375,1554.0210996018288,Linear Regression
2024-07-15,HCLTECH,1569.5999755859375,1569.550048828125,1583.8218425289488,Linear Regression
2024-07-16,HCLTECH,1569.550048828125,1594.550048828125,1570.7295989938139,Linear Regression
2024-07-18,HCLTECH,1594.550048828125,1594.550048828125,1593.8935173712923,Linear Regression
2024-07-19,HCLTECH,1594.550048828125,1577.0999755859375,1595.895582332366,Linear Regression
2024-07-22,HCLTECH,1577.0999755859375,1598.3499755859375,1578.088864842804,Linear Regression
2024-07-23,HCLTECH,1598.3499755859375,1583.699951171875,1590.817868471099,Linear Regression
2024-07-24,HCLTECH,1583.699951171875,1587.5999755859375,1583.9415884635723,Linear Regression
2024-07-25,HCLTECH,1587.5999755859375,1635.3499755859375,1586.6451889023213,Linear Regression
2024-07-26,HCLTECH,1635.3499755859375,1632.3499755859375,1632.5108264453645,Linear Regression
2024-07-29,HCLTECH,1632.3499755859375,1630.25,1631.3096323901314,Linear Regression
2024-07-30,HCLTECH,1630.25,1642.5999755859375,1628.9136562666001,Linear Regression
2024-07-31,HCLTECH,1642.5999755859375,1640.550048828125,1642.1526847448142,Linear Regression
2024-08-01,HCLTECH,1640.550048828125,1609.300048828125,1644.1419802535515,Linear Regression
2024-08-02,HCLTECH,1609.300048828125,1562.4000244140625,1612.0677995879742,Linear Regression
2024-08-05,HCLTECH,1562.4000244140625,1582.75,1559.1539300792829,Linear Regression
2024-08-06,HCLTECH,1582.75,1594.5999755859375,1586.8445013479702,Linear Regression
2024-08-07,HCLTECH,1594.5999755859375,1557.8499755859375,1596.4417146238884,Linear Regression
2024-08-08,HCLTECH,1557.8499755859375,1589.949951171875,1558.1483140183987,Linear Regression
2024-08-09,HCLTECH,1589.949951171875,1585.25,1590.074876560075,Linear Regression
2024-08-12,HCLTECH,1585.25,1592.6500244140625,1584.7400507458983,Linear Regression
2024-08-13,HCLTECH,1592.6500244140625,1626.1500244140625,1595.7846366542046,Linear Regression
2024-08-14,HCLTECH,1626.1500244140625,1668.25,1625.4337660387325,Linear Regression
2024-08-16,HCLTECH,1668.25,1678.5,1668.0184338862275,Linear Regression
2024-08-19,HCLTECH,1678.5,1686.75,1679.3462056774556,Linear Regression
2024-08-20,HCLTECH,1686.75,1677.25,1687.135505657481,Linear Regression
2024-08-21,HCLTECH,1677.25,1676.1500244140625,1679.3108046538557,Linear Regression
2024-08-22,HCLTECH,1676.1500244140625,1661.449951171875,1677.5903318655357,Linear Regression
2024-08-23,HCLTECH,1661.449951171875,1719.449951171875,1664.37150003387,Linear Regression
2024-08-26,HCLTECH,1719.449951171875,1711.5999755859375,1719.645073460265,Linear Regression
2024-08-27,HCLTECH,1711.5999755859375,1719.449951171875,1719.316036388435,Linear Regression
2024-08-28,HCLTECH,1719.449951171875,1751.8499755859375,1719.456657517566,Linear Regression
2024-08-29,HCLTECH,1751.8499755859375,1753.25,1746.8303592736452,Linear Regression
2024-08-30,HCLTECH,1753.25,1806.6500244140625,1756.3134422839862,Linear Regression
2024-09-02,HCLTECH,1806.6500244140625,1790.449951171875,1806.4987688919339,Linear Regression
2024-09-03,HCLTECH,1790.449951171875,1785.25,1795.513511908572,Linear Regression
2024-09-04,HCLTECH,1785.25,1790.550048828125,1789.154837316211,Linear Regression
2024-09-05,HCLTECH,1790.550048828125,1756.0999755859375,1787.5274953998178,Linear Regression
2024-09-06,HCLTECH,1756.0999755859375,1746.75,1755.0092970070625,Linear Regression
2024-09-09,HCLTECH,1746.75,1779.0999755859375,1749.0699748655713,Linear Regression
2024-09-10,HCLTECH,1779.0999755859375,1778.75,1780.4113525450507,Linear Regression
2024-09-11,HCLTECH,1778.75,1807.5999755859373,1783.7311415102438,Linear Regression
2024-09-12,HCLTECH,1807.5999755859373,1812.800048828125,1803.2415084385977,Linear Regression
2024-09-13,HCLTECH,1812.800048828125,1811.8499755859373,1813.193867012125,Linear Regression
2024-09-16,HCLTECH,1811.8499755859373,1813.75,1814.2442199169584,Linear Regression
2024-09-17,HCLTECH,1813.75,1756.5,1817.6576902590007,Linear Regression
2024-09-18,HCLTECH,1756.5,1736.5,1752.20301352099,Linear Regression
2024-09-19,HCLTECH,1736.5,1760.050048828125,1732.4278248722333,Linear Regression
2024-09-20,HCLTECH,1760.050048828125,1752.800048828125,1753.0054553287641,Linear Regression
2024-09-23,HCLTECH,1752.800048828125,1775.5999755859375,1747.4253533606384,Linear Regression
2024-09-24,HCLTECH,1775.5999755859375,1782.4000244140625,1772.749250723747,Linear Regression
2024-09-25,HCLTECH,1782.4000244140625,1783.8499755859375,1776.2691815819437,Linear Regression
2024-09-26,HCLTECH,1783.8499755859375,1808.4000244140625,1789.9661066574863,Linear Regression
2024-09-27,HCLTECH,1808.4000244140625,1796.0999755859375,1810.731746986174,Linear Regression
2024-09-30,HCLTECH,1796.0999755859375,1816.5,1798.6883768057278,Linear Regression
2024-10-01,HCLTECH,1816.5,1778.550048828125,1817.7158878288003,Linear Regression
2024-10-03,HCLTECH,1778.550048828125,1776.5999755859375,1784.9994229981355,Linear Regression
2024-10-04,HCLTECH,1776.5999755859375,1776.949951171875,1782.5377046029537,Linear Regression
2024-10-07,HCLTECH,1776.949951171875,1789.449951171875,1780.5300049629552,Linear Regression
2024-10-08,HCLTECH,1789.449951171875,1809.699951171875,1780.946701182202,Linear Regression
2024-10-09,HCLTECH,1809.699951171875,1808.6500244140625,1813.0704022566706,Linear Regression
2024-10-10,HCLTECH,1808.6500244140625,1839.6500244140625,1811.5895297838572,Linear Regression
2024-10-11,HCLTECH,1839.6500244140625,1855.9000244140625,1840.9839407068155,Linear Regression
2024-10-14,HCLTECH,1855.9000244140625,1870.0999755859373,1855.7603778387856,Linear Regression
2024-10-15,HCLTECH,1870.0999755859373,1865.25,1872.6058221733215,Linear Regression
2024-10-16,HCLTECH,1865.25,1867.800048828125,1868.7204406436426,Linear Regression
2024-10-17,HCLTECH,1867.800048828125,1857.699951171875,1867.5081573906145,Linear Regression
2024-10-18,HCLTECH,1857.699951171875,1843.5999755859373,1857.6857728499465,Linear Regression
2024-10-21,HCLTECH,1843.5999755859373,1822.75,1848.2826795254043,Linear Regression
2024-10-22,HCLTECH,1822.75,1845.75,1829.5992752462541,Linear Regression
2024-10-23,HCLTECH,1845.75,1844.9000244140625,1847.9553995094195,Linear Regression
2024-10-24,HCLTECH,1844.9000244140625,1852.3499755859373,1849.519694351583,Linear Regression
2024-10-25,HCLTECH,1852.3499755859373,1871.75,1853.8678059622453,Linear Regression
2024-10-28,HCLTECH,1871.75,1871.75,1873.6027657724483,Linear Regression
2024-10-29,HCLTECH,1871.75,1838.800048828125,1869.1236504343676,Linear Regression
2024-10-30,HCLTECH,1838.800048828125,1766.050048828125,1842.3381938014547,Linear Regression
2024-10-31,HCLTECH,1766.050048828125,1757.4000244140625,1765.267291403722,Linear Regression
2024-11-01,HCLTECH,1757.4000244140625,1762.949951171875,1758.233299336119,Linear Regression
2024-11-04,HCLTECH,1762.949951171875,1773.550048828125,1763.7042381769231,Linear Regression
2024-11-05,HCLTECH,1773.550048828125,1838.4000244140625,1775.4161627477883,Linear Regression
2024-11-06,HCLTECH,1838.4000244140625,1831.949951171875,1837.8410051664985,Linear Regression
2024-11-07,HCLTECH,1831.949951171875,1837.5,1832.0569453954818,Linear Regression
2024-11-08,HCLTECH,1837.5,1867.300048828125,1841.2341268195491,Linear Regression
2024-11-11,HCLTECH,1867.300048828125,1872.8499755859373,1866.371953598746,Linear Regression
2024-11-12,HCLTECH,1872.8499755859373,1864.75,1874.3560681168774,Linear Regression
2024-11-13,HCLTECH,1864.75,1858.949951171875,1869.8929803073843,Linear Regression
2024-11-14,HCLTECH,1858.949951171875,1835.0,1864.2506770535779,Linear Regression
2024-11-18,HCLTECH,1835.0,1820.550048828125,1833.1432792589826,Linear Regression
2024-11-19,HCLTECH,1820.550048828125,1836.3499755859373,1829.2575145940664,Linear Regression
2024-11-21,HCLTECH,1836.3499755859373,1898.4000244140625,1835.6292141682136,Linear Regression
2024-11-22,HCLTECH,1898.4000244140625,1891.699951171875,1895.0571965168162,Linear Regression
2024-11-25,HCLTECH,1891.699951171875,1899.550048828125,1891.424643897175,Linear Regression
2024-11-26,HCLTECH,1899.550048828125,1891.050048828125,1906.0904368212657,Linear Regression
2024-11-27,HCLTECH,1891.050048828125,1840.9000244140625,1898.490447040585,Linear Regression
2024-11-28,HCLTECH,1840.9000244140625,1848.050048828125,1845.8069940377306,Linear Regression
2024-11-29,HCLTECH,1848.050048828125,1871.5,1854.1039762338687,Linear Regression
2024-12-02,HCLTECH,1871.5,1890.75,1870.5482155337784,Linear Regression
2024-12-03,HCLTECH,1890.75,1897.6500244140625,1891.5042100681621,Linear Regression
2024-12-04,HCLTECH,1897.6500244140625,1924.0,1901.7409032264159,Linear Regression
2024-12-05,HCLTECH,1924.0,1922.699951171875,1927.229578030445,Linear Regression
2024-12-06,HCLTECH,1922.699951171875,1909.9000244140625,1927.3164678115709,Linear Regression
2024-12-09,HCLTECH,1909.9000244140625,1936.3499755859373,1913.0859834633293,Linear Regression
2024-12-10,HCLTECH,1936.3499755859373,1930.9000244140625,1938.387813547022,Linear Regression
2024-12-11,HCLTECH,1930.9000244140625,1936.199951171875,1931.7521291630262,Linear Regression
2024-12-12,HCLTECH,1936.199951171875,1968.800048828125,1940.9679625502413,Linear Regression
2024-12-13,HCLTECH,1968.800048828125,1954.4000244140625,1962.7801854131176,Linear Regression
2024-12-16,HCLTECH,1954.4000244140625,1950.5999755859373,1959.1948693804782,Linear Regression
2024-12-17,HCLTECH,1950.5999755859373,1960.3499755859373,1954.505985319125,Linear Regression
2024-12-18,HCLTECH,1960.3499755859373,1934.25,1964.767642643846,Linear Regression
2024-12-19,HCLTECH,1934.25,1911.3499755859373,1937.7808607098664,Linear Regression
2024-12-20,HCLTECH,1911.3499755859373,1903.0,1909.6572342211298,Linear Regression
2024-12-23,HCLTECH,1903.0,1896.949951171875,1909.3456362606876,Linear Regression
2024-12-24,HCLTECH,1896.949951171875,1900.75,1900.6626840109157,Linear Regression
2024-12-26,HCLTECH,1900.75,1892.0,1899.7403284971901,Linear Regression
2024-12-27,HCLTECH,1892.0,1928.949951171875,1892.350644654065,Linear Regression
2024-12-30,HCLTECH,1928.949951171875,1917.4000244140625,1929.71127226899,Linear Regression
2024-12-31,HCLTECH,1917.4000244140625,1911.949951171875,1910.2458042839871,Linear Regression
2025-01-01,HCLTECH,1911.949951171875,1972.199951171875,1917.9080230865875,Linear Regression
2025-01-02,HCLTECH,1972.199951171875,1946.6500244140625,1970.2455291488047,Linear Regression
2025-01-03,HCLTECH,1946.6500244140625,1953.050048828125,1950.721563799709,Linear Regression
2025-01-06,HCLTECH,1953.050048828125,1915.9000244140625,1953.8841048392903,Linear Regression
2025-01-07,HCLTECH,1915.9000244140625,1932.25,1920.9378014421823,Linear Regression
2025-01-08,HCLTECH,1932.25,1934.800048828125,1930.4230427538214,Linear Regression
2025-01-09,HCLTECH,1934.800048828125,1995.0999755859373,1937.1652868399779,Linear Regression
2025-01-10,HCLTECH,1995.0999755859373,1989.4000244140625,1994.7201631445666,Linear Regression
2025-01-13,HCLTECH,1989.4000244140625,1813.550048828125,1989.2364006381217,Linear Regression
2025-01-14,HCLTECH,1813.550048828125,1825.699951171875,1809.5185814534912,Linear Regression
2025-01-15,HCLTECH,1825.699951171875,1792.25,1825.0072302737883,Linear Regression
2025-01-16,HCLTECH,1792.25,1788.9000244140625,1792.6200466526943,Linear Regression
2025-01-17,HCLTECH,1788.9000244140625,1796.199951171875,1782.830508447365,Linear Regression
2025-01-20,HCLTECH,1796.199951171875,1802.4000244140625,1789.590454085549,Linear Regression
2025-01-21,HCLTECH,1802.4000244140625,1827.699951171875,1808.4284993329786,Linear Regression
2025-01-22,HCLTECH,1827.699951171875,1807.0,1828.8351371273889,Linear Regression
2025-01-23,HCLTECH,1807.0,1792.8499755859375,1812.084491797647,Linear Regression
2025-01-24,HCLTECH,1792.8499755859375,1711.949951171875,1802.268784140335,Linear Regression
2025-01-27,HCLTECH,1711.949951171875,1693.25,1713.2431042851706,Linear Regression
2025-01-28,HCLTECH,1693.25,1719.0,1699.0384265236241,Linear Regression
2025-01-29,HCLTECH,1719.0,1713.0999755859375,1721.0777412969323,Linear Regression
2025-01-30,HCLTECH,1713.0999755859375,1725.449951171875,1714.0885075537517,Linear Regression
2025-01-31,HCLTECH,1725.449951171875,1694.0,1730.9546503106437,Linear Regression
2025-02-01,HCLTECH,1694.0,1692.0,1696.865155771133,Linear Regression
2025-02-03,HCLTECH,1692.0,1732.550048828125,1694.2646984186188,Linear Regression
2025-02-04,HCLTECH,1732.550048828125,1712.8499755859375,1733.46851923653,Linear Regression
2025-02-05,HCLTECH,1712.8499755859375,1723.5,1720.4197567449394,Linear Regression
2025-02-06,HCLTECH,1723.5,1725.6500244140625,1726.2384579507927,Linear Regression
2025-02-07,HCLTECH,1725.6500244140625,1733.8499755859375,1724.5606733166987,Linear Regression
2025-02-10,HCLTECH,1733.8499755859375,1723.199951171875,1736.0786935681567,Linear Regression
2025-02-11,HCLTECH,1723.199951171875,1717.300048828125,1727.3359926805238,Linear Regression
2025-02-12,HCLTECH,1717.300048828125,1703.0999755859375,1720.9277554516007,Linear Regression
2025-02-13,HCLTECH,1703.0999755859375,1711.25,1711.2884123267181,Linear Regression
2025-02-14,HCLTECH,1711.25,1709.9000244140625,1715.447426531882,Linear Regression
2025-02-17,HCLTECH,1709.9000244140625,1725.5,1711.914757693146,Linear Regression
2025-02-18,HCLTECH,1725.5,1712.300048828125,1728.131707226103,Linear Regression
2025-02-19,HCLTECH,1712.300048828125,1687.550048828125,1716.5029998322877,Linear Regression
2025-02-20,HCLTECH,1687.550048828125,1700.699951171875,1693.0474813163376,Linear Regression
2025-02-21,HCLTECH,1700.699951171875,1644.050048828125,1703.704164004543,Linear Regression
2025-02-24,HCLTECH,1644.050048828125,1636.0999755859375,1647.0359500406594,Linear Regression
2025-02-25,HCLTECH,1636.0999755859375,1629.199951171875,1642.3500543908851,Linear Regression
2025-02-27,HCLTECH,1629.199951171875,1575.050048828125,1637.9796955601842,Linear Regression
2025-02-28,HCLTECH,1575.050048828125,1572.4000244140625,1574.7738258824695,Linear Regression
2025-03-03,HCLTECH,1572.4000244140625,1535.5,1581.287172580463,Linear Regression
2025-03-04,HCLTECH,1535.5,1572.949951171875,1534.4096938367807,Linear Regression
2025-03-05,HCLTECH,1572.949951171875,1585.449951171875,1574.4803944536557,Linear Regression
2025-03-06,HCLTECH,1585.449951171875,1557.949951171875,1589.614401637478,Linear Regression
2025-03-07,HCLTECH,1557.949951171875,1549.300048828125,1561.9166819077734,Linear Regression
2025-03-10,HCLTECH,1549.300048828125,1567.8499755859375,1555.9887773848338,Linear Regression
2025-03-11,HCLTECH,1567.8499755859375,1540.5999755859375,1567.4606330262789,Linear Regression
2025-03-12,HCLTECH,1540.5999755859375,1534.75,1535.3847181471592,Linear Regression
2025-03-13,HCLTECH,1534.75,1545.1500244140625,1538.6231447476414,Linear Regression
2025-03-17,HCLTECH,1545.1500244140625,1545.1500244140625,1545.4075209102448,Linear Regression
2025-03-18,HCLTECH,1545.1500244140625,1544.449951171875,1549.539403460658,Linear Regression
2025-03-20,HCLTECH,1562.0,1566.699951171875,1569.6829169467792,Linear Regression
2025-03-21,HCLTECH,1566.699951171875,1604.1500244140625,1569.451440914353,Linear Regression
2025-03-24,HCLTECH,1604.1500244140625,1624.9000244140625,1598.9967947597604,Linear Regression
2025-03-25,HCLTECH,1624.9000244140625,1633.4000244140625,1636.4571171997677,Linear Regression
2025-03-26,HCLTECH,1633.4000244140625,1630.1500244140625,1639.4484319150213,Linear Regression
2025-03-27,HCLTECH,1630.1500244140625,1592.5,1634.1715557844302,Linear Regression
2025-03-28,HCLTECH,1592.5,1530.3499755859375,1595.237207924988,Linear Regression
2025-04-01,HCLTECH,1530.3499755859375,1527.550048828125,1533.8787859806005,Linear Regression
2025-04-02,HCLTECH,1527.550048828125,1470.0999755859375,1529.4579787001985,Linear Regression
2025-04-03,HCLTECH,1470.0999755859375,1422.0999755859375,1470.7204951038957,Linear Regression
2025-04-04,HCLTECH,1422.0999755859375,1374.0999755859375,1424.5241768886947,Linear Regression
2025-04-07,HCLTECH,1374.0999755859375,1403.3499755859375,1360.7925359407327,Linear Regression
2025-04-08,HCLTECH,1403.3499755859375,1380.0,1405.3220578506946,Linear Regression
2025-04-09,HCLTECH,1380.0,1390.550048828125,1376.1435710360595,Linear Regression
2025-04-11,HCLTECH,1390.550048828125,1426.5,1397.9207717105892,Linear Regression
2025-04-15,HCLTECH,1426.5,1431.699951171875,1424.8234095126934,Linear Regression
2025-04-16,HCLTECH,1431.699951171875,1438.0,1431.283711136241,Linear Regression
2025-04-17,HCLTECH,1438.0,1482.0,1428.709759130126,Linear Regression
2025-04-21,HCLTECH,1482.0,1479.9000244140625,1483.929651692197,Linear Regression
2025-04-22,HCLTECH,1479.9000244140625,1594.0,1481.249137444747,Linear Regression
2025-04-23,HCLTECH,1594.0,1586.699951171875,1593.7774996527385,Linear Regression
2025-04-24,HCLTECH,1586.699951171875,1578.199951171875,1590.6217398939007,Linear Regression
2025-04-25,HCLTECH,1578.199951171875,1549.300048828125,1586.6011482482072,Linear Regression
2025-04-28,HCLTECH,1549.300048828125,1569.0,1550.948381546086,Linear Regression
2025-04-29,HCLTECH,1569.0,1567.5,1573.0467919447267,Linear Regression
2025-04-30,HCLTECH,1567.5,1572.4000244140625,1571.6433848645684,Linear Regression
2025-05-02,HCLTECH,1572.4000244140625,1568.5999755859375,1575.4101056546376,Linear Regression
2025-05-05,HCLTECH,1568.5999755859375,1579.0999755859375,1575.3977594617259,Linear Regression
2025-05-06,HCLTECH,1579.0999755859375,1563.300048828125,1580.7030443385027,Linear Regression
2025-05-07,HCLTECH,1563.300048828125,1580.699951171875,1567.6263169831147,Linear Regression
2025-05-08,HCLTECH,1580.699951171875,1569.4000244140625,1585.0183706198527,Linear Regression
2025-05-09,HCLTECH,1569.4000244140625,1670.300048828125,1571.6901570988794,Linear Regression
2025-05-12,HCLTECH,1670.300048828125,1619.5999755859375,1667.6536400995274,Linear Regression
2025-05-13,HCLTECH,1619.5999755859375,1637.699951171875,1621.962389091923,Linear Regression
2025-05-14,HCLTECH,1637.699951171875,1696.0,1637.3117271622837,Linear Regression
2025-05-15,HCLTECH,1696.0,1659.9000244140625,1688.71023330053,Linear Regression
2025-05-16,HCLTECH,1659.9000244140625,1649.5999755859375,1662.4911828079582,Linear Regression
2025-05-19,HCLTECH,1649.5999755859375,1638.300048828125,1648.7658083461233,Linear Regression
2025-05-20,HCLTECH,1638.300048828125,1652.0,1640.6778057119138,Linear Regression
2025-05-21,HCLTECH,1652.0,1633.0,1648.8724331023373,Linear Regression
2025-05-22,HCLTECH,1633.0,1648.199951171875,1628.6682983152784,Linear Regression
2025-05-23,HCLTECH,1648.199951171875,1673.5999755859375,1650.0797175838186,Linear Regression
2025-05-26,HCLTECH,1673.5999755859375,1652.0999755859375,1671.7902702099036,Linear Regression
2025-05-27,HCLTECH,1652.0999755859375,1657.300048828125,1650.2818127718103,Linear Regression
2025-05-28,HCLTECH,1657.300048828125,1664.699951171875,1655.944580699757,Linear Regression
2025-05-29,HCLTECH,1664.699951171875,1636.5999755859375,1664.338339411976,Linear Regression
2025-05-30,HCLTECH,1636.5999755859375,1631.5,1634.4519878758708,Linear Regression
2025-06-02,HCLTECH,1631.5,1630.4000244140625,1626.0372988267875,Linear Regression
2025-06-03,HCLTECH,1630.4000244140625,1626.0999755859375,1627.6757345609021,Linear Regression
2025-06-04,HCLTECH,1626.0999755859375,1632.4000244140625,1628.7852054610655,Linear Regression
2025-06-05,HCLTECH,1632.4000244140625,1637.699951171875,1634.8650411416875,Linear Regression
2025-06-06,HCLTECH,1637.699951171875,1648.300048828125,1635.0452860645335,Linear Regression
2025-06-09,HCLTECH,1648.300048828125,1668.0999755859375,1648.1929428169587,Linear Regression
2025-06-10,HCLTECH,1668.0999755859375,1721.9000244140625,1670.0388963013468,Linear Regression
2025-06-11,HCLTECH,1721.9000244140625,1701.199951171875,1716.4263982070129,Linear Regression
2025-06-12,HCLTECH,1701.199951171875,1695.300048828125,1700.590920761781,Linear Regression
2025-06-13,HCLTECH,1695.300048828125,1723.0,1696.9842886233905,Linear Regression
2025-06-16,HCLTECH,1723.0,1729.5999755859375,1720.2365953297565,Linear Regression
2025-06-17,HCLTECH,1729.5999755859375,1715.9000244140625,1730.6756634939238,Linear Regression
2025-06-18,HCLTECH,1715.9000244140625,1713.9000244140625,1719.420610699616,Linear Regression
2025-06-19,HCLTECH,1713.9000244140625,1739.9000244140625,1709.7057018582789,Linear Regression
2025-06-20,HCLTECH,1739.9000244140625,1703.199951171875,1738.209547767402,Linear Regression
2025-06-23,HCLTECH,1703.199951171875,1691.800048828125,1703.2824641808277,Linear Regression
2025-06-24,HCLTECH,1691.800048828125,1717.0999755859375,1695.0126857302653,Linear Regression
2025-06-25,HCLTECH,1717.0999755859375,1724.0999755859375,1717.955403267331,Linear Regression
2025-06-26,HCLTECH,1724.0999755859375,1723.300048828125,1722.9243140044464,Linear Regression
2025-06-27,HCLTECH,1723.300048828125,1728.5999755859375,1725.0497351633023,Linear Regression
2025-06-30,HCLTECH,1728.5999755859375,1718.300048828125,1727.8172769734445,Linear Regression
2025-07-01,HCLTECH,1718.300048828125,1718.5999755859375,1722.6039265396905,Linear Regression
2025-07-02,HCLTECH,1718.5999755859375,1711.9000244140625,1721.6690846693505,Linear Regression
2025-07-03,HCLTECH,1711.9000244140625,1725.9000244140625,1714.9862229859862,Linear Regression
2025-07-04,HCLTECH,1725.9000244140625,1710.4000244140625,1724.3552606188264,Linear Regression
2025-07-07,HCLTECH,1710.4000244140625,1708.0999755859375,1709.3983863827452,Linear Regression
2025-07-08,HCLTECH,1708.0999755859375,1674.0,1706.9409419981332,Linear Regression
2025-07-09,HCLTECH,1674.0,1663.699951171875,1674.745350842802,Linear Regression
2025-07-10,HCLTECH,1663.699951171875,1638.300048828125,1661.02406886966,Linear Regression
2025-07-11,HCLTECH,1638.300048828125,1619.800048828125,1639.2219507483217,Linear Regression
2025-07-14,HCLTECH,1619.800048828125,1566.4000244140625,1616.779370964688,Linear Regression
2025-07-15,HCLTECH,1566.4000244140625,1562.800048828125,1568.615801837732,Linear Regression
2025-07-16,HCLTECH,1562.800048828125,1543.9000244140625,1564.6147175366807,Linear Regression
2025-07-17,HCLTECH,1543.9000244140625,1548.800048828125,1545.0590043561435,Linear Regression
2025-07-18,HCLTECH,1548.800048828125,1530.4000244140625,1545.4600254822917,Linear Regression
2025-07-21,HCLTECH,1530.4000244140625,1520.0999755859375,1530.758582544094,Linear Regression
2025-07-22,HCLTECH,1520.0999755859375,1529.800048828125,1522.6356005535786,Linear Regression
2025-07-23,HCLTECH,1529.800048828125,1507.199951171875,1530.7489704702389,Linear Regression
2025-07-24,HCLTECH,1507.199951171875,1490.0999755859375,1509.1304441077684,Linear Regression
2025-07-25,HCLTECH,1490.0999755859375,1466.0999755859375,1493.6247376728309,Linear Regression
2025-07-28,HCLTECH,1466.0999755859375,1472.4000244140625,1468.2157626119033,Linear Regression
2025-07-29,HCLTECH,1472.4000244140625,1476.5,1473.9343280680707,Linear Regression
2025-07-30,HCLTECH,1476.5,1467.9000244140625,1477.807450506108,Linear Regression
2025-07-31,HCLTECH,1467.9000244140625,1452.0999755859375,1472.3995425085873,Linear Regression
2025-08-01,HCLTECH,1452.0999755859375,1474.4000244140625,1455.0390698330161,Linear Regression
2025-08-04,HCLTECH,1474.4000244140625,1482.699951171875,1472.2853274536335,Linear Regression
2025-08-05,HCLTECH,1482.699951171875,1463.199951171875,1484.1763609406605,Linear Regression
2025-08-06,HCLTECH,1463.199951171875,1475.5,1465.3294695508205,Linear Regression
2025-08-07,HCLTECH,1475.5,1475.699951171875,1476.5260921351455,Linear Regression
2025-08-08,HCLTECH,1475.699951171875,1488.0,1476.139199614383,Linear Regression
2025-08-11,HCLTECH,1488.0,1499.0999755859375,1497.946592052333,Linear Regression
2025-08-12,HCLTECH,1499.0999755859375,1501.0999755859375,1505.1231006294104,Linear Regression
2025-08-13,HCLTECH,1501.0999755859375,1489.800048828125,1503.4669338312492,Linear Regression
2025-08-14,HCLTECH,1489.800048828125,1485.0,1496.3338008001906,Linear Regression
2025-08-18,HCLTECH,1485.0,1476.0999755859375,1486.9649837971042,Linear Regression
2025-08-19,HCLTECH,1476.0999755859375,1496.0,1479.4304654265961,Linear Regression
2025-08-20,HCLTECH,1496.0,1493.5,1495.333882992228,Linear Regression
2025-08-21,HCLTECH,1493.5,1466.300048828125,1496.3719074947978,Linear Regression
2025-08-22,HCLTECH,1466.300048828125,1504.199951171875,1469.5805843137987,Linear Regression
2025-08-25,HCLTECH,1504.199951171875,1492.800048828125,1506.1242142449819,Linear Regression
2025-08-26,HCLTECH,1492.800048828125,1449.800048828125,1495.251422616445,Linear Regression
2025-08-28,HCLTECH,1449.800048828125,1454.800048828125,1451.5602003480308,Linear Regression
2025-08-29,HCLTECH,1454.800048828125,1468.4000244140625,1455.9479334161522,Linear Regression
2025-09-01,HCLTECH,1468.4000244140625,1465.699951171875,1470.6131479861435,Linear Regression
2025-09-02,HCLTECH,1465.699951171875,1466.0999755859375,1468.9374066702453,Linear Regression
2025-09-03,HCLTECH,1466.0999755859375,1443.300048828125,1464.8275161999481,Linear Regression
2025-09-04,HCLTECH,1443.300048828125,1419.0,1445.506098434907,Linear Regression
2025-09-05,HCLTECH,1419.0,1403.0,1416.8985172080477,Linear Regression
2025-09-08,HCLTECH,1403.0,1427.0999755859375,1405.6219056014343,Linear Regression
2025-09-09,HCLTECH,1427.0999755859375,1463.9000244140625,1428.804171166911,Linear Regression
2025-09-10,HCLTECH,1463.9000244140625,1467.699951171875,1465.12374201944,Linear Regression
2025-09-11,HCLTECH,1467.699951171875,1467.199951171875,1469.2450735797736,Linear Regression
2025-09-12,HCLTECH,1467.199951171875,1466.5,1469.8918303499418,Linear Regression
2025-09-15,HCLTECH,1466.5,1483.0999755859375,1464.9874450657583,Linear Regression
2025-09-16,HCLTECH,1483.0999755859375,1481.5,1483.9334846967301,Linear Regression
2025-09-17,HCLTECH,1481.5,1493.800048828125,1484.0568647866048,Linear Regression
2025-09-18,HCLTECH,1493.800048828125,1467.4000244140625,1496.5332592443915,Linear Regression
2025-09-19,HCLTECH,1467.4000244140625,1439.9000244140625,1468.6708184827796,Linear Regression
2025-09-22,HCLTECH,1439.9000244140625,1429.800048828125,1439.872748592128,Linear Regression
2025-09-23,HCLTECH,1429.800048828125,1442.300048828125,1428.6026797491031,Linear Regression
2025-09-24,HCLTECH,1442.300048828125,1423.800048828125,1441.6011777165136,Linear Regression
2025-09-25,HCLTECH,1423.800048828125,1395.300048828125,1423.3676896433299,Linear Regression
2025-09-26,HCLTECH,1395.300048828125,1387.4000244140625,1396.8806619866548,Linear Regression
2025-09-29,HCLTECH,1387.4000244140625,1385.0999755859375,1388.6390034322344,Linear Regression
2025-09-30,HCLTECH,1385.0999755859375,1389.5,1388.7889074204734,Linear Regression
2025-10-01,HCLTECH,1389.5,1393.5,1391.4983060157285,Linear Regression
2025-10-03,HCLTECH,1393.5,1417.699951171875,1391.9634068744508,Linear Regression
2025-10-06,HCLTECH,1417.699951171875,1433.4000244140625,1417.5241350338085,Linear Regression
2025-10-07,HCLTECH,1433.4000244140625,1453.199951171875,1435.18330653843,Linear Regression
2025-10-08,HCLTECH,1453.199951171875,1486.5,1453.2342909808267,Linear Regression
2025-10-09,HCLTECH,1486.5,1495.5,1487.3085543394454,Linear Regression
2025-10-10,HCLTECH,1495.5,1494.699951171875,1493.2659303012351,Linear Regression
2025-10-13,HCLTECH,1494.699951171875,1495.4000244140625,1494.5015881843196,Linear Regression
2025-10-14,HCLTECH,1495.4000244140625,1495.699951171875,1501.0178089861345,Linear Regression
2025-10-15,HCLTECH,1495.699951171875,1515.0,1498.1627351048992,Linear Regression
2025-10-16,HCLTECH,1515.0,1486.199951171875,1517.198825158401,Linear Regression
2025-10-17,HCLTECH,1486.199951171875,1495.4000244140625,1486.9713261745194,Linear Regression
2025-10-20,HCLTECH,1495.4000244140625,1486.0,1500.6750852657965,Linear Regression
2025-10-21,HCLTECH,1486.0,1523.9000244140625,1486.8212664567286,Linear Regression
2025-10-23,HCLTECH,1523.9000244140625,1523.800048828125,1529.5462048229522,Linear Regression
2025-10-24,HCLTECH,1523.800048828125,1533.5,1526.0554397223636,Linear Regression
2025-10-27,HCLTECH,1533.5,1522.0999755859375,1538.477147549061,Linear Regression
2025-10-28,HCLTECH,1522.0999755859375,1557.300048828125,1522.9535875361998,Linear Regression
2025-10-29,HCLTECH,1557.300048828125,1549.800048828125,1555.3908437427058,Linear Regression
2025-10-30,HCLTECH,1549.800048828125,1541.5,1549.1158097134687,Linear Regression
2025-10-31,HCLTECH,1541.5,1543.5,1544.510477168823,Linear Regression
2025-11-03,HCLTECH,1543.5,1529.0999755859375,1542.766494385965,Linear Regression
2025-11-04,HCLTECH,1529.0999755859375,1526.4000244140625,1530.6937251156285,Linear Regression
2025-11-06,HCLTECH,1526.4000244140625,1512.4000244140625,1524.5010582431564,Linear Regression
2025-11-07,HCLTECH,1512.4000244140625,1540.5,1507.1689024591383,Linear Regression
2025-11-10,HCLTECH,1540.5,1570.0,1538.5232407021865,Linear Regression
2025-11-11,HCLTECH,1570.0,1594.0,1568.0478121237475,Linear Regression
2025-11-12,HCLTECH,1594.0,1598.5,1595.1373700271583,Linear Regression
2025-11-13,HCLTECH,1598.5,1594.5999755859375,1595.775743664489,Linear Regression
2025-11-14,HCLTECH,1594.5999755859375,1606.4000244140625,1591.6584108536001,Linear Regression
2025-11-17,HCLTECH,1606.4000244140625,1595.199951171875,1604.8373756863461,Linear Regression
2025-11-18,HCLTECH,1595.199951171875,1662.5999755859375,1595.2964138585214,Linear Regression
2025-11-19,HCLTECH,1662.5999755859375,1645.4000244140625,1658.2081529540828,Linear Regression
2025-11-20,HCLTECH,1645.4000244140625,1608.0,1648.1463760608715,Linear Regression
2025-11-21,HCLTECH,1608.0,1610.4000244140625,1610.7034368475177,Linear Regression
2025-11-24,HCLTECH,1610.4000244140625,1601.0999755859375,1615.6023941238002,Linear Regression
2025-11-25,HCLTECH,1601.0999755859375,1617.9000244140625,1599.8074815677703,Linear Regression
2025-11-26,HCLTECH,1617.9000244140625,1629.0,1620.1481906997046,Linear Regression
2025-11-27,HCLTECH,1629.0,1624.199951171875,1629.0534905953252,Linear Regression
2025-11-28,HCLTECH,1624.199951171875,1642.9000244140625,1625.939160534999,Linear Regression
2025-12-01,HCLTECH,1642.9000244140625,1635.5,1643.7631865825972,Linear Regression
2025-12-02,HCLTECH,1635.5,1640.5,1633.7926340058088,Linear Regression
2025-12-03,HCLTECH,1640.5,1654.5999755859375,1642.7875107815687,Linear Regression
2025-12-04,HCLTECH,1654.5999755859375,1683.0,1658.3324576680925,Linear Regression
2025-12-05,HCLTECH,1683.0,1688.5999755859375,1680.9664440064446,Linear Regression
2025-12-08,HCLTECH,1688.5999755859375,1657.5999755859375,1689.4870137814476,Linear Regression
2025-12-09,HCLTECH,1657.5999755859375,1666.0,1658.6292283393568,Linear Regression
2025-12-10,HCLTECH,1666.0,1672.4000244140625,1666.4541937760473,Linear Regression
2025-12-11,HCLTECH,1672.4000244140625,1673.199951171875,1668.3724320088188,Linear Regression
2025-12-12,HCLTECH,1673.199951171875,1684.0,1670.37852022861,Linear Regression
2025-12-15,HCLTECH,1684.0,1651.699951171875,1681.0331833083599,Linear Regression
2025-12-16,HCLTECH,1651.699951171875,1655.0,1650.882649055007,Linear Regression
2025-12-17,HCLTECH,1655.0,1661.4000244140625,1656.73594266755,Linear Regression
2025-12-18,HCLTECH,1661.4000244140625,1642.4000244140625,1663.551534380199,Linear Regression
2025-12-19,HCLTECH,1642.4000244140625,1670.300048828125,1641.7099373748765,Linear Regression
2025-12-22,HCLTECH,1670.300048828125,1679.9000244140625,1668.3834054473828,Linear Regression
2025-12-23,HCLTECH,1679.9000244140625,1674.699951171875,1676.5699578981007,Linear Regression
2025-12-24,HCLTECH,1674.699951171875,1660.9000244140625,1674.2246217596992,Linear Regression
2025-12-26,HCLTECH,1660.9000244140625,1630.800048828125,1661.0778512701352,Linear Regression
2025-12-29,HCLTECH,1630.800048828125,1615.199951171875,1630.4471521967678,Linear Regression
2025-12-30,HCLTECH,1615.199951171875,1623.300048828125,1616.0589022591096,Linear Regression
2023-12-15,INFOSYS,1578.4000244140625,1564.3499755859375,1579.5510639936037,Linear Regression
2023-12-18,INFOSYS,1564.3499755859375,1558.300048828125,1570.3218975721566,Linear Regression
2023-12-19,INFOSYS,1558.300048828125,1536.4000244140625,1555.2576976765267,Linear Regression
2023-12-20,INFOSYS,1536.4000244140625,1536.0,1540.2929190114733,Linear Regression
2023-12-21,INFOSYS,1536.0,1562.9000244140625,1538.370771667555,Linear Regression
2023-12-22,INFOSYS,1562.9000244140625,1543.949951171875,1559.4991616824268,Linear Regression
2023-12-26,INFOSYS,1543.949951171875,1567.0999755859375,1540.962175129304,Linear Regression
2023-12-27,INFOSYS,1567.0999755859375,1562.6500244140625,1566.9813273360219,Linear Regression
2023-12-28,INFOSYS,1562.6500244140625,1542.9000244140625,1559.8805644880204,Linear Regression
2023-12-29,INFOSYS,1542.9000244140625,1551.3499755859375,1546.6075764680418,Linear Regression
2024-01-01,INFOSYS,1551.3499755859375,1534.4000244140625,1551.150184651497,Linear Regression
2024-01-02,INFOSYS,1534.4000244140625,1490.0,1531.7489240921204,Linear Regression
2024-01-03,INFOSYS,1490.0,1512.699951171875,1489.5171644824804,Linear Regression
2024-01-04,INFOSYS,1512.699951171875,1532.550048828125,1510.6763638684247,Linear Regression
2024-01-05,INFOSYS,1532.550048828125,1522.800048828125,1533.5356014706376,Linear Regression
2024-01-08,INFOSYS,1522.800048828125,1529.300048828125,1522.0230849666054,Linear Regression
2024-01-09,INFOSYS,1529.300048828125,1519.9000244140625,1531.6567172659852,Linear Regression
2024-01-10,INFOSYS,1519.9000244140625,1494.199951171875,1518.868442374203,Linear Regression
2024-01-11,INFOSYS,1494.199951171875,1612.75,1492.7017021658876,Linear Regression
2024-01-12,INFOSYS,1612.75,1652.0999755859375,1610.782489761517,Linear Regression
2024-01-15,INFOSYS,1652.0999755859375,1631.550048828125,1652.578389919891,Linear Regression
2024-01-16,INFOSYS,1631.550048828125,1640.199951171875,1630.7164801347585,Linear Regression
2024-01-17,INFOSYS,1640.199951171875,1642.5999755859375,1641.3782727668868,Linear Regression
2024-01-18,INFOSYS,1642.5999755859375,1659.199951171875,1639.8112486158975,Linear Regression
2024-01-19,INFOSYS,1659.199951171875,1642.1500244140625,1658.1391939254813,Linear Regression
2024-01-23,INFOSYS,1642.1500244140625,1675.4000244140625,1647.259279158362,Linear Regression
2024-01-24,INFOSYS,1675.4000244140625,1669.0999755859375,1671.3477006024955,Linear Regression
2024-01-25,INFOSYS,1669.0999755859375,1656.5999755859375,1667.1643401604474,Linear Regression
2024-01-29,INFOSYS,1656.5999755859375,1651.449951171875,1657.516997493773,Linear Regression
2024-01-30,INFOSYS,1651.449951171875,1660.9000244140625,1657.874452734825,Linear Regression
2024-01-31,INFOSYS,1660.9000244140625,1657.050048828125,1658.6751869160807,Linear Regression
2024-02-01,INFOSYS,1657.050048828125,1693.3499755859375,1659.2659900555273,Linear Regression
2024-02-02,INFOSYS,1693.3499755859375,1687.199951171875,1698.969875699397,Linear Regression
2024-02-05,INFOSYS,1687.199951171875,1729.449951171875,1686.7443887992981,Linear Regression
2024-02-06,INFOSYS,1729.449951171875,1693.75,1725.3238153200773,Linear Regression
2024-02-07,INFOSYS,1693.75,1692.0999755859375,1691.9005766381401,Linear Regression
2024-02-08,INFOSYS,1692.0999755859375,1669.3499755859375,1691.249296929599,Linear Regression
2024-02-09,INFOSYS,1669.3499755859375,1680.0999755859375,1669.0388005719615,Linear Regression
2024-02-12,INFOSYS,1680.0999755859375,1684.550048828125,1683.8498696314573,Linear Regression
2024-02-13,INFOSYS,1684.550048828125,1666.199951171875,1680.633438448488,Linear Regression
2024-02-14,INFOSYS,1666.199951171875,1676.3499755859375,1660.3754063386718,Linear Regression
2024-02-15,INFOSYS,1676.3499755859375,1701.6500244140625,1675.5341224670406,Linear Regression
2024-02-16,INFOSYS,1701.6500244140625,1699.75,1703.4566778200342,Linear Regression
2024-02-19,INFOSYS,1699.75,1685.25,1698.6980797967722,Linear Regression
2024-02-20,INFOSYS,1685.25,1655.550048828125,1683.6903757162927,Linear Regression
2024-02-21,INFOSYS,1655.550048828125,1681.3499755859375,1653.5507569254496,Linear Regression
2024-02-22,INFOSYS,1681.3499755859375,1676.8499755859375,1676.737340051885,Linear Regression
2024-02-23,INFOSYS,1676.8499755859375,1660.1500244140625,1676.7829017668191,Linear Regression
2024-02-26,INFOSYS,1660.1500244140625,1663.5999755859375,1656.9219796061375,Linear Regression
2024-02-27,INFOSYS,1663.5999755859375,1671.25,1663.9478918441027,Linear Regression
2024-02-28,INFOSYS,1671.25,1673.9000244140625,1674.4537238765947,Linear Regression
2024-02-29,INFOSYS,1673.9000244140625,1654.699951171875,1673.4359651891327,Linear Regression
2024-03-01,INFOSYS,1654.699951171875,1637.199951171875,1655.4251656245851,Linear Regression
2024-03-04,INFOSYS,1637.199951171875,1606.5,1639.3237526897333,Linear Regression
2024-03-05,INFOSYS,1606.5,1617.550048828125,1607.6323993328674,Linear Regression
2024-03-06,INFOSYS,1617.550048828125,1616.449951171875,1611.3451952822534,Linear Regression
2024-03-07,INFOSYS,1616.449951171875,1600.5999755859375,1617.0470752582073,Linear Regression
2024-03-11,INFOSYS,1600.5999755859375,1612.949951171875,1599.4347954233326,Linear Regression
2024-03-12,INFOSYS,1612.949951171875,1611.4000244140625,1616.2568349301991,Linear Regression
2024-03-13,INFOSYS,1611.4000244140625,1653.300048828125,1611.8999501814455,Linear Regression
2024-03-14,INFOSYS,1653.300048828125,1634.0,1652.9864827258998,Linear Regression
2024-03-15,INFOSYS,1634.0,1602.6500244140625,1631.762245370931,Linear Regression
2024-03-18,INFOSYS,1602.6500244140625,1561.449951171875,1604.1691565870324,Linear Regression
2024-03-19,INFOSYS,1561.449951171875,1554.949951171875,1564.2831518446842,Linear Regression
2024-03-20,INFOSYS,1554.949951171875,1554.699951171875,1558.9997716561675,Linear Regression
2024-03-21,INFOSYS,1554.699951171875,1508.8499755859375,1556.374753330787,Linear Regression
2024-03-22,INFOSYS,1508.8499755859375,1492.6500244140625,1509.0906303771412,Linear Regression
2024-03-26,INFOSYS,1492.6500244140625,1483.8499755859375,1496.6200149335918,Linear Regression
2024-03-27,INFOSYS,1483.8499755859375,1498.050048828125,1485.267634303138,Linear Regression
2024-03-28,INFOSYS,1498.050048828125,1495.449951171875,1502.5122171197286,Linear Regression
2024-04-01,INFOSYS,1495.449951171875,1482.8499755859375,1498.000443108299,Linear Regression
2024-04-02,INFOSYS,1482.8499755859375,1480.6500244140625,1485.7723113753118,Linear Regression
2024-04-03,INFOSYS,1480.6500244140625,1486.699951171875,1484.7408223491148,Linear Regression
2024-04-04,INFOSYS,1486.699951171875,1479.0999755859375,1484.1579693346612,Linear Regression
2024-04-05,INFOSYS,1479.0999755859375,1476.699951171875,1481.471815768742,Linear Regression
2024-04-08,INFOSYS,1476.699951171875,1494.8499755859375,1479.6867098266557,Linear Regression
2024-04-09,INFOSYS,1494.8499755859375,1506.800048828125,1500.754333962052,Linear Regression
2024-04-10,INFOSYS,1506.800048828125,1484.75,1504.7002308853043,Linear Regression
2024-04-12,INFOSYS,1484.75,1468.1500244140625,1485.9315946197012,Linear Regression
2024-04-15,INFOSYS,1468.1500244140625,1414.449951171875,1471.6347511839945,Linear Regression
2024-04-16,INFOSYS,1414.449951171875,1419.25,1417.8373992458924,Linear Regression
2024-04-18,INFOSYS,1419.25,1411.25,1424.5157906796226,Linear Regression
2024-04-19,INFOSYS,1411.25,1432.75,1415.7497014729006,Linear Regression
2024-04-22,INFOSYS,1432.75,1442.4000244140625,1434.7259968686908,Linear Regression
2024-04-23,INFOSYS,1442.4000244140625,1430.75,1443.8861127311266,Linear Regression
2024-04-24,INFOSYS,1430.75,1438.449951171875,1433.1565240082746,Linear Regression
2024-04-25,INFOSYS,1438.449951171875,1430.25,1442.8444298111617,Linear Regression
2024-04-26,INFOSYS,1430.25,1434.75,1433.9775332876002,Linear Regression
2024-04-29,INFOSYS,1434.75,1420.550048828125,1438.4712585361326,Linear Regression
2024-04-30,INFOSYS,1420.550048828125,1414.449951171875,1423.2511523056191,Linear Regression
2024-05-02,INFOSYS,1414.449951171875,1416.300048828125,1419.2734969342328,Linear Regression
2024-05-03,INFOSYS,1416.300048828125,1425.9000244140625,1416.0712702535661,Linear Regression
2024-05-06,INFOSYS,1425.9000244140625,1440.949951171875,1433.301071667213,Linear Regression
2024-05-07,INFOSYS,1440.949951171875,1427.300048828125,1441.3877964364888,Linear Regression
2024-05-08,INFOSYS,1427.300048828125,1439.550048828125,1430.8074496198892,Linear Regression
2024-05-09,INFOSYS,1439.550048828125,1424.9000244140625,1444.1603758868378,Linear Regression
2024-05-10,INFOSYS,1424.9000244140625,1423.449951171875,1424.5441645276987,Linear Regression
2024-05-13,INFOSYS,1423.449951171875,1424.699951171875,1422.9196887808348,Linear Regression
2024-05-14,INFOSYS,1424.699951171875,1419.949951171875,1427.9179552056357,Linear Regression
2024-05-15,INFOSYS,1419.949951171875,1453.3499755859375,1424.2683354681044,Linear Regression
2024-05-16,INFOSYS,1453.3499755859375,1444.300048828125,1454.3247849852723,Linear Regression
2024-05-17,INFOSYS,1444.300048828125,1434.1500244140625,1445.495233836939,Linear Regression
2024-05-21,INFOSYS,1434.1500244140625,1454.800048828125,1438.8048012070558,Linear Regression
2024-05-22,INFOSYS,1454.800048828125,1472.4000244140625,1457.7736977305199,Linear Regression
2024-05-23,INFOSYS,1472.4000244140625,1465.0999755859375,1474.3147663077293,Linear Regression
2024-05-24,INFOSYS,1465.0999755859375,1471.3499755859375,1467.6389636211102,Linear Regression
2024-05-27,INFOSYS,1471.3499755859375,1467.050048828125,1472.1082963274862,Linear Regression
2024-05-28,INFOSYS,1467.050048828125,1450.949951171875,1466.9342888108927,Linear Regression
2024-05-29,INFOSYS,1450.949951171875,1427.449951171875,1452.3402116161697,Linear Regression
2024-05-30,INFOSYS,1427.449951171875,1406.9000244140625,1429.3682141749873,Linear Regression
2024-05-31,INFOSYS,1406.9000244140625,1405.9000244140625,1412.5610912614475,Linear Regression
2024-06-03,INFOSYS,1405.9000244140625,1393.6500244140625,1407.3559225495915,Linear Regression
2024-06-04,INFOSYS,1393.6500244140625,1430.0999755859375,1386.9616821208083,Linear Regression
2024-06-05,INFOSYS,1430.0999755859375,1472.25,1433.0784375262087,Linear Regression
2024-06-06,INFOSYS,1472.25,1533.5999755859375,1471.2502314483086,Linear Regression
2024-06-07,INFOSYS,1533.5999755859375,1499.75,1533.7008035154258,Linear Regression
2024-06-10,INFOSYS,1499.75,1495.75,1501.779785128459,Linear Regression
2024-06-11,INFOSYS,1495.75,1485.199951171875,1497.8892786903962,Linear Regression
2024-06-12,INFOSYS,1485.199951171875,1493.949951171875,1486.0469312221921,Linear Regression
2024-06-13,INFOSYS,1493.949951171875,1488.9000244140625,1496.0982578799171,Linear Regression
2024-06-14,INFOSYS,1488.9000244140625,1498.199951171875,1489.0809910717771,Linear Regression
2024-06-18,INFOSYS,1498.199951171875,1511.3499755859375,1500.6948087385726,Linear Regression
2024-06-19,INFOSYS,1511.3499755859375,1515.4000244140625,1510.5708349805354,Linear Regression
2024-06-20,INFOSYS,1515.4000244140625,1532.699951171875,1511.4109866960548,Linear Regression
2024-06-21,INFOSYS,1532.699951171875,1527.1500244140625,1533.8531173817719,Linear Regression
2024-06-24,INFOSYS,1527.1500244140625,1541.949951171875,1525.2769599306216,Linear Regression
2024-06-25,INFOSYS,1541.949951171875,1540.699951171875,1540.8341228502723,Linear Regression
2024-06-26,INFOSYS,1540.699951171875,1573.3499755859375,1541.2962921400122,Linear Regression
2024-06-27,INFOSYS,1573.3499755859375,1566.75,1571.9225257626244,Linear Regression
2024-06-28,INFOSYS,1566.75,1590.800048828125,1570.2955422075852,Linear Regression
2024-07-01,INFOSYS,1590.800048828125,1621.050048828125,1592.3716902559036,Linear Regression
2024-07-02,INFOSYS,1621.050048828125,1627.4000244140625,1620.7916208823726,Linear Regression
2024-07-03,INFOSYS,1627.4000244140625,1650.6500244140625,1623.7360021322534,Linear Regression
2024-07-04,INFOSYS,1650.6500244140625,1647.449951171875,1651.932200886677,Linear Regression
2024-07-05,INFOSYS,1647.449951171875,1661.6500244140625,1646.5969658782196,Linear Regression
2024-07-08,INFOSYS,1661.6500244140625,1657.1500244140625,1660.2620651026373,Linear Regression
2024-07-09,INFOSYS,1657.1500244140625,1648.25,1655.7913650123678,Linear Regression
2024-07-10,INFOSYS,1648.25,1652.699951171875,1648.5158399229886,Linear Regression
2024-07-11,INFOSYS,1652.699951171875,1711.75,1650.498116087212,Linear Regression
2024-07-12,INFOSYS,1711.75,1707.050048828125,1707.5720803829963,Linear Regression
2024-07-15,INFOSYS,1707.050048828125,1726.050048828125,1704.8483326420192,Linear Regression
2024-07-16,INFOSYS,1726.050048828125,1758.050048828125,1722.204471759927,Linear Regression
2024-07-18,INFOSYS,1758.050048828125,1792.949951171875,1757.271659049553,Linear Regression
2024-07-19,INFOSYS,1792.949951171875,1810.8499755859373,1789.0023854604087,Linear Regression
2024-07-22,INFOSYS,1810.8499755859373,1836.9000244140625,1809.516153426075,Linear Regression
2024-07-23,INFOSYS,1836.9000244140625,1833.949951171875,1827.274226091431,Linear Regression
2024-07-24,INFOSYS,1833.949951171875,1824.8499755859373,1828.474306704184,Linear Regression
2024-07-25,INFOSYS,1824.8499755859373,1878.9000244140625,1821.2823188917532,Linear Regression
2024-07-26,INFOSYS,1878.9000244140625,1871.0999755859373,1875.9460853509554,Linear Regression
2024-07-29,INFOSYS,1871.0999755859373,1877.1500244140625,1869.1939376305386,Linear Regression
2024-07-30,INFOSYS,1877.1500244140625,1868.25,1871.505646866718,Linear Regression
2024-07-31,INFOSYS,1868.25,1852.5999755859373,1866.4428196177896,Linear Regression
2024-08-01,INFOSYS,1852.5999755859373,1821.199951171875,1850.4676593702302,Linear Regression
2024-08-02,INFOSYS,1821.199951171875,1751.9000244140625,1821.7706572191241,Linear Regression
2024-08-05,INFOSYS,1751.9000244140625,1751.0999755859375,1744.0032064294687,Linear Regression
2024-08-06,INFOSYS,1751.0999755859375,1791.6500244140625,1757.3176230091522,Linear Regression
2024-08-07,INFOSYS,1791.6500244140625,1743.1500244140625,1781.5523063476253,Linear Regression
2024-08-08,INFOSYS,1743.1500244140625,1770.75,1737.3201635737641,Linear Regression
2024-08-09,INFOSYS,1770.75,1797.4000244140625,1767.3848232050218,Linear Regression
2024-08-12,INFOSYS,1797.4000244140625,1797.449951171875,1795.5779772484252,Linear Regression
2024-08-13,INFOSYS,1797.449951171875,1823.25,1793.7467000692159,Linear Regression
2024-08-14,INFOSYS,1823.25,1858.949951171875,1820.5982156017071,Linear Regression
2024-08-16,INFOSYS,1858.949951171875,1864.800048828125,1852.5031546656423,Linear Regression
2024-08-19,INFOSYS,1864.800048828125,1872.199951171875,1861.1141893572558,Linear Regression
2024-08-20,INFOSYS,1872.199951171875,1872.699951171875,1871.445550626765,Linear Regression
2024-08-21,INFOSYS,1872.699951171875,1880.25,1870.9463617023694,Linear Regression
2024-08-22,INFOSYS,1880.25,1862.0999755859373,1878.7862864149934,Linear Regression
2024-08-23,INFOSYS,1862.0999755859373,1876.1500244140625,1861.0033331916788,Linear Regression
2024-08-26,INFOSYS,1876.1500244140625,1900.0999755859373,1876.8717335871356,Linear Regression
2024-08-27,INFOSYS,1900.0999755859373,1939.0999755859373,1898.8251554092094,Linear Regression
2024-08-28,INFOSYS,1939.0999755859373,1933.3499755859373,1938.3129630449102,Linear Regression
2024-08-29,INFOSYS,1933.3499755859373,1943.699951171875,1933.6518193882102,Linear Regression
2024-08-30,INFOSYS,1943.699951171875,1964.5,1940.9663422698336,Linear Regression
2024-09-02,INFOSYS,1964.5,1941.25,1965.9366081198164,Linear Regression
2024-09-03,INFOSYS,1941.25,1922.449951171875,1939.2354363148966,Linear Regression
2024-09-04,INFOSYS,1922.449951171875,1933.1500244140625,1916.7402674192203,Linear Regression
2024-09-05,INFOSYS,1933.1500244140625,1901.8499755859373,1929.3011039027024,Linear Regression
2024-09-06,INFOSYS,1901.8499755859373,1894.6500244140625,1904.2672741546085,Linear Regression
2024-09-09,INFOSYS,1894.6500244140625,1912.300048828125,1901.2709096785925,Linear Regression
2024-09-10,INFOSYS,1912.300048828125,1910.1500244140625,1915.8496356627447,Linear Regression
2024-09-11,INFOSYS,1910.1500244140625,1950.449951171875,1911.9511641512777,Linear Regression
2024-09-12,INFOSYS,1950.449951171875,1944.0999755859373,1947.8448721446975,Linear Regression
2024-09-13,INFOSYS,1944.0999755859373,1950.25,1944.4374865862665,Linear Regression
2024-09-16,INFOSYS,1950.25,1952.550048828125,1947.5152400978122,Linear Regression
2024-09-17,INFOSYS,1952.550048828125,1892.1500244140625,1952.9402555348001,Linear Regression
2024-09-18,INFOSYS,1892.1500244140625,1894.199951171875,1890.770803405806,Linear Regression
2024-09-19,INFOSYS,1894.199951171875,1905.75,1894.9125161973134,Linear Regression
2024-09-20,INFOSYS,1905.75,1896.449951171875,1898.3003370088386,Linear Regression
2024-09-23,INFOSYS,1896.449951171875,1898.5999755859373,1895.693555544653,Linear Regression
2024-09-24,INFOSYS,1898.5999755859373,1895.300048828125,1898.3515027755825,Linear Regression
2024-09-25,INFOSYS,1895.300048828125,1900.25,1895.4515610122512,Linear Regression
2024-09-26,INFOSYS,1900.25,1906.75,1904.929922592436,Linear Regression
2024-09-27,INFOSYS,1906.75,1875.5999755859373,1919.6255875898391,Linear Regression
2024-09-30,INFOSYS,1875.5999755859373,1904.3499755859373,1881.7368052582297,Linear Regression
2024-10-01,INFOSYS,1904.3499755859373,1893.4000244140625,1906.8635405493637,Linear Regression
2024-10-03,INFOSYS,1893.4000244140625,1918.1500244140625,1897.7143162075636,Linear Regression
2024-10-04,INFOSYS,1918.1500244140625,1934.300048828125,1928.6959941786076,Linear Regression
2024-10-07,INFOSYS,1934.300048828125,1948.550048828125,1935.9570380074192,Linear Regression
2024-10-08,INFOSYS,1948.550048828125,1952.75,1944.0524368499764,Linear Regression
2024-10-09,INFOSYS,1952.75,1919.0,1959.242025877165,Linear Regression
2024-10-10,INFOSYS,1919.0,1935.0999755859373,1922.0283640322314,Linear Regression
2024-10-11,INFOSYS,1935.0999755859373,1958.9000244140625,1937.7296558685039,Linear Regression
2024-10-14,INFOSYS,1958.9000244140625,1959.300048828125,1962.9693903523703,Linear Regression
2024-10-15,INFOSYS,1959.300048828125,1920.0999755859373,1967.9205080384977,Linear Regression
2024-10-16,INFOSYS,1920.0999755859373,1968.0999755859373,1923.1571332572998,Linear Regression
2024-10-17,INFOSYS,1968.0999755859373,1879.5999755859373,1970.7123702947283,Linear Regression
2024-10-18,INFOSYS,1879.5999755859373,1852.75,1891.0900052099928,Linear Regression
2024-10-21,INFOSYS,1852.75,1851.5999755859373,1853.6159469015483,Linear Regression
2024-10-22,INFOSYS,1851.5999755859373,1873.4000244140625,1857.7217188151253,Linear Regression
2024-10-23,INFOSYS,1873.4000244140625,1863.3499755859373,1877.9254716915602,Linear Regression
2024-10-24,INFOSYS,1863.3499755859373,1862.050048828125,1870.4733216928448,Linear Regression
2024-10-25,INFOSYS,1862.050048828125,1865.3499755859373,1862.9321832818728,Linear Regression
2024-10-28,INFOSYS,1865.3499755859373,1839.300048828125,1870.5120405061707,Linear Regression
2024-10-29,INFOSYS,1839.300048828125,1802.0999755859373,1839.4847240846434,Linear Regression
2024-10-30,INFOSYS,1802.0999755859373,1757.25,1804.4063741611535,Linear Regression
2024-10-31,INFOSYS,1757.25,1760.8499755859375,1755.7828201972175,Linear Regression
2024-11-01,INFOSYS,1760.8499755859375,1763.6500244140625,1759.6712518146041,Linear Regression
2024-11-04,INFOSYS,1763.6500244140625,1754.199951171875,1762.7061377404343,Linear Regression
2024-11-05,INFOSYS,1754.199951171875,1823.699951171875,1754.7672179853962,Linear Regression
2024-11-06,INFOSYS,1823.699951171875,1803.050048828125,1824.0287993301386,Linear Regression
2024-11-07,INFOSYS,1803.050048828125,1829.949951171875,1803.3077365799295,Linear Regression
2024-11-08,INFOSYS,1829.949951171875,1860.0999755859373,1832.38662773954,Linear Regression
2024-11-11,INFOSYS,1860.0999755859373,1868.800048828125,1861.380194261183,Linear Regression
2024-11-12,INFOSYS,1868.800048828125,1868.4000244140625,1870.8051980342184,Linear Regression
2024-11-13,INFOSYS,1868.4000244140625,1864.550048828125,1869.7583289536374,Linear Regression
2024-11-14,INFOSYS,1864.550048828125,1811.449951171875,1866.9846575003712,Linear Regression
2024-11-18,INFOSYS,1811.449951171875,1824.75,1809.7631799525575,Linear Regression
2024-11-19,INFOSYS,1824.75,1834.050048828125,1835.3182943593347,Linear Regression
2024-11-21,INFOSYS,1834.050048828125,1902.25,1839.604305020859,Linear Regression
2024-11-22,INFOSYS,1902.25,1889.699951171875,1901.3422949668993,Linear Regression
2024-11-25,INFOSYS,1889.699951171875,1924.1500244140625,1890.5058816631145,Linear Regression
2024-11-26,INFOSYS,1924.1500244140625,1924.5,1927.4031491217188,Linear Regression
2024-11-27,INFOSYS,1924.5,1856.6500244140625,1925.7037740448695,Linear Regression
2024-11-28,INFOSYS,1856.6500244140625,1857.8499755859373,1857.9512206140303,Linear Regression
2024-11-29,INFOSYS,1857.8499755859373,1879.800048828125,1862.7706143233286,Linear Regression
2024-12-02,INFOSYS,1879.800048828125,1892.0999755859373,1875.1533080693948,Linear Regression
2024-12-03,INFOSYS,1892.0999755859373,1889.25,1891.0435209063162,Linear Regression
2024-12-04,INFOSYS,1889.25,1934.8499755859373,1895.0724672297206,Linear Regression
2024-12-05,INFOSYS,1934.8499755859373,1922.4000244140625,1936.8581156427595,Linear Regression
2024-12-06,INFOSYS,1922.4000244140625,1923.6500244140625,1922.5762116702485,Linear Regression
2024-12-09,INFOSYS,1923.6500244140625,1948.550048828125,1919.272561633998,Linear Regression
2024-12-10,INFOSYS,1948.550048828125,1974.1500244140625,1952.3699012948605,Linear Regression
2024-12-11,INFOSYS,1974.1500244140625,1987.0,1974.9449251745996,Linear Regression
2024-12-12,INFOSYS,1987.0,1999.699951171875,1989.4247166067707,Linear Regression
2024-12-13,INFOSYS,1999.699951171875,1980.050048828125,1997.2451456891636,Linear Regression
2024-12-16,INFOSYS,1980.050048828125,1976.5999755859373,1981.1966793359734,Linear Regression
2024-12-17,INFOSYS,1976.5999755859373,1979.1500244140625,1975.377368698984,Linear Regression
2024-12-18,INFOSYS,1979.1500244140625,1946.199951171875,1979.4994904007217,Linear Regression
2024-12-19,INFOSYS,1946.199951171875,1922.1500244140625,1946.3659676013094,Linear Regression
2024-12-20,INFOSYS,1922.1500244140625,1924.300048828125,1921.9784362732344,Linear Regression
2024-12-23,INFOSYS,1924.300048828125,1909.050048828125,1923.4146405843048,Linear Regression
2024-12-24,INFOSYS,1909.050048828125,1907.4000244140625,1895.3655397750076,Linear Regression
2024-12-26,INFOSYS,1907.4000244140625,1916.75,1909.2296866377637,Linear Regression
2024-12-27,INFOSYS,1916.75,1906.0,1917.4043378887104,Linear Regression
2024-12-30,INFOSYS,1906.0,1880.0,1901.0083509619212,Linear Regression
2024-12-31,INFOSYS,1880.0,1882.5,1872.362433810753,Linear Regression
2025-01-01,INFOSYS,1882.5,1957.8499755859373,1885.6359902833983,Linear Regression
2025-01-02,INFOSYS,1957.8499755859373,1938.75,1958.0951001849753,Linear Regression
2025-01-03,INFOSYS,1938.75,1937.8499755859373,1934.595364629317,Linear Regression
2025-01-06,INFOSYS,1937.8499755859373,1930.8499755859373,1941.7179715879447,Linear Regression
2025-01-07,INFOSYS,1930.8499755859373,1933.1500244140625,1933.4396861556615,Linear Regression
2025-01-08,INFOSYS,1933.1500244140625,1917.300048828125,1923.6258153511367,Linear Regression
2025-01-09,INFOSYS,1917.300048828125,1966.949951171875,1921.3297439418525,Linear Regression
2025-01-10,INFOSYS,1966.949951171875,1962.199951171875,1968.792175769981,Linear Regression
2025-01-13,INFOSYS,1962.199951171875,1940.050048828125,1966.8152834301532,Linear Regression
2025-01-14,INFOSYS,1940.050048828125,1949.6500244140625,1940.0786742558826,Linear Regression
2025-01-15,INFOSYS,1949.6500244140625,1928.449951171875,1950.416626201697,Linear Regression
2025-01-16,INFOSYS,1928.449951171875,1815.449951171875,1927.7016562078911,Linear Regression
2025-01-17,INFOSYS,1815.449951171875,1813.300048828125,1817.946355439009,Linear Regression
2025-01-20,INFOSYS,1813.300048828125,1800.699951171875,1810.3199082687665,Linear Regression
2025-01-21,INFOSYS,1800.699951171875,1856.449951171875,1803.301331020682,Linear Regression
2025-01-22,INFOSYS,1856.449951171875,1865.449951171875,1858.5375905615542,Linear Regression
2025-01-23,INFOSYS,1865.449951171875,1875.449951171875,1868.622499748421,Linear Regression
2025-01-24,INFOSYS,1875.449951171875,1822.0,1881.3489468449316,Linear Regression
2025-01-27,INFOSYS,1822.0,1829.75,1824.6630701244053,Linear Regression
2025-01-28,INFOSYS,1829.75,1881.25,1838.664231515208,Linear Regression
2025-01-29,INFOSYS,1881.25,1859.949951171875,1882.4444639138737,Linear Regression
2025-01-30,INFOSYS,1859.949951171875,1879.800048828125,1860.6953514512707,Linear Regression
2025-01-31,INFOSYS,1879.800048828125,1851.3499755859373,1885.6414594017333,Linear Regression
2025-02-01,INFOSYS,1851.3499755859373,1863.300048828125,1854.7903488337179,Linear Regression
2025-02-03,INFOSYS,1863.300048828125,1898.800048828125,1866.8647258180858,Linear Regression
2025-02-04,INFOSYS,1898.800048828125,1897.050048828125,1899.3761567386127,Linear Regression
2025-02-05,INFOSYS,1897.050048828125,1915.6500244140625,1901.584486613864,Linear Regression
2025-02-06,INFOSYS,1915.6500244140625,1903.6500244140625,1914.6606369948618,Linear Regression
2025-02-07,INFOSYS,1903.6500244140625,1880.300048828125,1902.9515590937986,Linear Regression
2025-02-10,INFOSYS,1880.300048828125,1875.6500244140625,1882.1125755820603,Linear Regression
2025-02-11,INFOSYS,1875.6500244140625,1863.1500244140625,1881.8900794709957,Linear Regression
2025-02-12,INFOSYS,1863.1500244140625,1843.25,1864.0146643504286,Linear Regression
2025-02-13,INFOSYS,1843.25,1856.4000244140625,1845.1335793745893,Linear Regression
2025-02-14,INFOSYS,1856.4000244140625,1842.300048828125,1852.0050852349482,Linear Regression
2025-02-17,INFOSYS,1842.300048828125,1851.949951171875,1842.6887969332283,Linear Regression
2025-02-18,INFOSYS,1851.949951171875,1810.800048828125,1855.1782924377708,Linear Regression
2025-02-19,INFOSYS,1810.800048828125,1825.1500244140625,1812.6603718584706,Linear Regression
2025-02-20,INFOSYS,1825.1500244140625,1815.0,1828.3036732849628,Linear Regression
2025-02-21,INFOSYS,1815.0,1764.0999755859375,1816.578194036324,Linear Regression
2025-02-24,INFOSYS,1764.0999755859375,1767.699951171875,1764.6119055446002,Linear Regression
2025-02-25,INFOSYS,1767.699951171875,1764.300048828125,1771.4794569225364,Linear Regression
2025-02-27,INFOSYS,1764.300048828125,1687.699951171875,1767.070657842075,Linear Regression
2025-02-28,INFOSYS,1687.699951171875,1708.5999755859375,1688.199488273001,Linear Regression
2025-03-03,INFOSYS,1708.5999755859375,1688.300048828125,1714.2925818702802,Linear Regression
2025-03-04,INFOSYS,1688.300048828125,1711.5,1684.5151594164354,Linear Regression
2025-03-05,INFOSYS,1711.5,1715.8499755859375,1717.3576185716038,Linear Regression
2025-03-06,INFOSYS,1715.8499755859375,1686.0,1710.936382111348,Linear Regression
2025-03-07,INFOSYS,1686.0,1701.449951171875,1684.1758767207825,Linear Regression
2025-03-10,INFOSYS,1701.449951171875,1661.5999755859375,1703.9581033316508,Linear Regression
2025-03-11,INFOSYS,1661.5999755859375,1590.8499755859375,1655.4688000920328,Linear Regression
2025-03-12,INFOSYS,1590.8499755859375,1579.8499755859375,1584.7139789820626,Linear Regression
2025-03-13,INFOSYS,1579.8499755859375,1590.050048828125,1579.9364621228142,Linear Regression
2025-03-17,INFOSYS,1590.050048828125,1590.050048828125,1590.8910837368367,Linear Regression
2025-03-18,INFOSYS,1590.050048828125,1586.550048828125,1590.569105613466,Linear Regression
2025-03-20,INFOSYS,1615.550048828125,1592.550048828125,1620.6101088529645,Linear Regression
2025-03-21,INFOSYS,1592.550048828125,1592.75,1592.3431702864955,Linear Regression
2025-03-24,INFOSYS,1592.75,1628.449951171875,1590.9487469049513,Linear Regression
2025-03-25,INFOSYS,1628.449951171875,1599.449951171875,1631.6071839557599,Linear Regression
2025-03-26,INFOSYS,1599.449951171875,1603.550048828125,1603.8623446801962,Linear Regression
2025-03-27,INFOSYS,1603.550048828125,1570.6500244140625,1607.1265587844018,Linear Regression
2025-03-28,INFOSYS,1570.6500244140625,1526.5,1572.6045227496006,Linear Regression
2025-04-01,INFOSYS,1526.5,1550.1500244140625,1528.252171786503,Linear Regression
2025-04-02,INFOSYS,1550.1500244140625,1496.5,1553.3777040419081,Linear Regression
2025-04-03,INFOSYS,1496.5,1451.6500244140625,1495.9717495590626,Linear Regression
2025-04-04,INFOSYS,1451.6500244140625,1396.75,1455.6604320053993,Linear Regression
2025-04-07,INFOSYS,1396.75,1428.800048828125,1387.3572541238814,Linear Regression
2025-04-08,INFOSYS,1428.800048828125,1403.699951171875,1433.5807392798142,Linear Regression
2025-04-09,INFOSYS,1403.699951171875,1409.449951171875,1400.3559954607622,Linear Regression
2025-04-11,INFOSYS,1409.449951171875,1426.0,1415.1759115894433,Linear Regression
2025-04-15,INFOSYS,1426.0,1413.0999755859375,1423.4914471630655,Linear Regression
2025-04-16,INFOSYS,1413.0999755859375,1419.5,1410.4279586048615,Linear Regression
2025-04-17,INFOSYS,1419.5,1451.0,1417.4521501633685,Linear Regression
2025-04-21,INFOSYS,1451.0,1422.800048828125,1457.239749209862,Linear Regression
2025-04-22,INFOSYS,1422.800048828125,1474.9000244140625,1423.1937854784023,Linear Regression
2025-04-23,INFOSYS,1474.9000244140625,1471.4000244140625,1477.554821044846,Linear Regression
2025-04-24,INFOSYS,1471.4000244140625,1480.199951171875,1473.6004796021457,Linear Regression
2025-04-25,INFOSYS,1480.199951171875,1482.0999755859375,1484.308091067217,Linear Regression
2025-04-28,INFOSYS,1482.0999755859375,1497.5,1481.7241448824925,Linear Regression
2025-04-29,INFOSYS,1497.5,1500.0999755859375,1500.3893585266524,Linear Regression
2025-04-30,INFOSYS,1500.0999755859375,1506.9000244140625,1500.6084193414304,Linear Regression
2025-05-02,INFOSYS,1506.9000244140625,1508.5999755859375,1512.629278567062,Linear Regression
2025-05-05,INFOSYS,1508.5999755859375,1511.5,1511.5797353579628,Linear Regression
2025-05-06,INFOSYS,1511.5,1508.300048828125,1512.8055540204327,Linear Regression
2025-05-07,INFOSYS,1508.300048828125,1511.4000244140625,1512.1163559522306,Linear Regression
2025-05-08,INFOSYS,1511.4000244140625,1507.5999755859375,1512.360312516536,Linear Regression
2025-05-09,INFOSYS,1507.5999755859375,1626.9000244140625,1508.1413341870361,Linear Regression
2025-05-12,INFOSYS,1626.9000244140625,1568.5999755859375,1626.421434550647,Linear Regression
2025-05-13,INFOSYS,1568.5999755859375,1592.4000244140625,1569.5326414466126,Linear Regression
2025-05-14,INFOSYS,1592.4000244140625,1613.0,1591.7427487136124,Linear Regression
2025-05-15,INFOSYS,1613.0,1589.9000244140625,1608.6137951767487,Linear Regression
2025-05-16,INFOSYS,1589.9000244140625,1559.800048828125,1587.7218297543282,Linear Regression
2025-05-19,INFOSYS,1559.800048828125,1560.5999755859375,1560.7802588289187,Linear Regression
2025-05-20,INFOSYS,1560.5999755859375,1568.5,1563.1837774740866,Linear Regression
2025-05-21,INFOSYS,1568.5,1547.5,1564.1392145472719,Linear Regression
2025-05-22,INFOSYS,1547.5,1564.800048828125,1546.2532585681233,Linear Regression
2025-05-23,INFOSYS,1564.800048828125,1580.5,1570.2284131517931,Linear Regression
2025-05-26,INFOSYS,1580.5,1570.0999755859375,1579.2836009837101,Linear Regression
2025-05-27,INFOSYS,1570.0999755859375,1571.800048828125,1566.2734400884588,Linear Regression
2025-05-28,INFOSYS,1571.800048828125,1585.5999755859375,1572.4429522422715,Linear Regression
2025-05-29,INFOSYS,1585.5999755859375,1562.699951171875,1587.6960561175142,Linear Regression
2025-05-30,INFOSYS,1562.699951171875,1553.800048828125,1559.5673100217296,Linear Regression
2025-06-02,INFOSYS,1553.800048828125,1543.0,1548.901503787452,Linear Regression
2025-06-03,INFOSYS,1543.0,1551.199951171875,1542.7337050375017,Linear Regression
2025-06-04,INFOSYS,1551.199951171875,1554.300048828125,1551.4805321088102,Linear Regression
2025-06-05,INFOSYS,1554.300048828125,1563.800048828125,1555.3735989718525,Linear Regression
2025-06-06,INFOSYS,1563.800048828125,1572.9000244140625,1561.272372253633,Linear Regression
2025-06-09,INFOSYS,1572.9000244140625,1596.0,1574.8705080109958,Linear Regression
2025-06-10,INFOSYS,1596.0,1631.0999755859375,1596.4791297469005,Linear Regression
2025-06-11,INFOSYS,1631.0999755859375,1608.5999755859375,1630.537827581406,Linear Regression
2025-06-12,INFOSYS,1608.5999755859375,1602.0,1608.005191296978,Linear Regression
2025-06-13,INFOSYS,1602.0,1623.800048828125,1601.2221112607267,Linear Regression
2025-06-16,INFOSYS,1623.800048828125,1639.9000244140625,1624.9631789257223,Linear Regression
2025-06-17,INFOSYS,1639.9000244140625,1632.9000244140625,1639.2201097226707,Linear Regression
2025-06-18,INFOSYS,1632.9000244140625,1618.4000244140625,1634.9761731712929,Linear Regression
2025-06-19,INFOSYS,1618.4000244140625,1622.9000244140625,1617.254778985347,Linear Regression
2025-06-20,INFOSYS,1622.9000244140625,1584.0,1621.0259032784784,Linear Regression
2025-06-23,INFOSYS,1584.0,1581.5999755859375,1580.9658214877927,Linear Regression
2025-06-24,INFOSYS,1581.5999755859375,1614.9000244140625,1582.0302451280572,Linear Regression
2025-06-25,INFOSYS,1614.9000244140625,1616.0,1613.7783503179694,Linear Regression
2025-06-26,INFOSYS,1616.0,1608.0,1616.7433035497593,Linear Regression
2025-06-27,INFOSYS,1608.0,1601.800048828125,1608.8769061801913,Linear Regression
2025-06-30,INFOSYS,1601.800048828125,1606.800048828125,1599.3227778276491,Linear Regression
2025-07-01,INFOSYS,1606.800048828125,1610.5,1607.1345538875357,Linear Regression
2025-07-02,INFOSYS,1610.5,1618.699951171875,1617.2410167040157,Linear Regression
2025-07-03,INFOSYS,1618.699951171875,1640.699951171875,1621.4371336739705,Linear Regression
2025-07-04,INFOSYS,1640.699951171875,1627.0,1637.6966934965062,Linear Regression
2025-07-07,INFOSYS,1627.0,1638.699951171875,1627.4228986023872,Linear Regression
2025-07-08,INFOSYS,1638.699951171875,1633.699951171875,1638.9133718452576,Linear Regression
2025-07-09,INFOSYS,1633.699951171875,1615.800048828125,1631.026690072158,Linear Regression
2025-07-10,INFOSYS,1615.800048828125,1594.9000244140625,1613.977504044772,Linear Regression
2025-07-11,INFOSYS,1594.9000244140625,1570.300048828125,1593.5520401110984,Linear Regression
2025-07-14,INFOSYS,1570.300048828125,1585.5999755859375,1567.8030409170192,Linear Regression
2025-07-15,INFOSYS,1585.5999755859375,1607.9000244140625,1590.256331851529,Linear Regression
2025-07-16,INFOSYS,1607.9000244140625,1583.5,1608.75334216259,Linear Regression
2025-07-17,INFOSYS,1583.5,1586.0999755859375,1586.5537981423704,Linear Regression
2025-07-18,INFOSYS,1586.0999755859375,1584.300048828125,1586.9114194557437,Linear Regression
2025-07-21,INFOSYS,1584.300048828125,1570.9000244140625,1582.2669187490906,Linear Regression
2025-07-22,INFOSYS,1570.9000244140625,1574.5,1575.1408979626763,Linear Regression
2025-07-23,INFOSYS,1574.5,1552.5,1572.4133538292613,Linear Regression
2025-07-24,INFOSYS,1552.5,1515.699951171875,1552.3259900519138,Linear Regression
2025-07-25,INFOSYS,1515.699951171875,1516.0,1516.728402698514,Linear Regression
2025-07-28,INFOSYS,1516.0,1513.699951171875,1508.14680255748,Linear Regression
2025-07-29,INFOSYS,1513.699951171875,1519.0,1509.7932053442419,Linear Regression
2025-07-30,INFOSYS,1519.0,1509.0,1515.6918928566975,Linear Regression
2025-07-31,INFOSYS,1509.0,1469.5999755859375,1510.4806525815416,Linear Regression
2025-08-01,INFOSYS,1469.5999755859375,1480.5,1470.1571888732733,Linear Regression
2025-08-04,INFOSYS,1480.5,1460.300048828125,1477.7497657703511,Linear Regression
2025-08-05,INFOSYS,1460.300048828125,1436.699951171875,1458.9982151975441,Linear Regression
2025-08-06,INFOSYS,1436.699951171875,1436.9000244140625,1436.2610471992016,Linear Regression
2025-08-07,INFOSYS,1436.9000244140625,1423.0999755859375,1433.7656245966527,Linear Regression
2025-08-08,INFOSYS,1423.0999755859375,1428.199951171875,1423.6027165031287,Linear Regression
2025-08-11,INFOSYS,1428.199951171875,1424.0999755859375,1427.8635445143973,Linear Regression
2025-08-12,INFOSYS,1424.0999755859375,1426.5999755859375,1426.8175843993026,Linear Regression
2025-08-13,INFOSYS,1426.5999755859375,1447.699951171875,1427.9164200533228,Linear Regression
2025-08-14,INFOSYS,1447.699951171875,1435.800048828125,1453.9867628410252,Linear Regression
2025-08-18,INFOSYS,1435.800048828125,1440.0,1435.4388632784003,Linear Regression
2025-08-19,INFOSYS,1440.0,1496.199951171875,1443.5552187070848,Linear Regression
2025-08-20,INFOSYS,1496.199951171875,1496.4000244140625,1497.2588872969618,Linear Regression
2025-08-21,INFOSYS,1496.4000244140625,1487.5,1494.6226980529482,Linear Regression
2025-08-22,INFOSYS,1487.5,1532.0999755859375,1490.5929943582646,Linear Regression
2025-08-25,INFOSYS,1532.0999755859375,1529.5999755859375,1534.8630732139754,Linear Regression
2025-08-26,INFOSYS,1529.5999755859375,1500.0999755859375,1531.5981384846182,Linear Regression
2025-08-28,INFOSYS,1500.0999755859375,1469.5999755859375,1501.6594183271627,Linear Regression
2025-08-29,INFOSYS,1469.5999755859375,1499.4000244140625,1471.202319617195,Linear Regression
2025-09-01,INFOSYS,1499.4000244140625,1498.699951171875,1501.5659815948575,Linear Regression
2025-09-02,INFOSYS,1498.699951171875,1479.0999755859375,1500.4445429205507,Linear Regression
2025-09-03,INFOSYS,1479.0999755859375,1463.0,1479.760205444465,Linear Regression
2025-09-04,INFOSYS,1463.0,1444.5999755859375,1463.8299146744266,Linear Regression
2025-09-05,INFOSYS,1444.5999755859375,1432.9000244140625,1443.902490630895,Linear Regression
2025-09-08,INFOSYS,1432.9000244140625,1504.300048828125,1435.1215726227715,Linear Regression
2025-09-09,INFOSYS,1504.300048828125,1532.5999755859375,1502.9426674608976,Linear Regression
2025-09-10,INFOSYS,1532.5999755859375,1509.699951171875,1533.3483137214976,Linear Regression
2025-09-11,INFOSYS,1509.699951171875,1525.5999755859375,1510.7020590568104,Linear Regression
2025-09-12,INFOSYS,1525.5999755859375,1508.4000244140625,1526.5281035564358,Linear Regression
2025-09-15,INFOSYS,1508.4000244140625,1511.300048828125,1507.857711303709,Linear Regression
2025-09-16,INFOSYS,1511.300048828125,1522.4000244140625,1510.9134997673,Linear Regression
2025-09-17,INFOSYS,1522.4000244140625,1540.5999755859375,1523.2291470326777,Linear Regression
2025-09-18,INFOSYS,1540.5999755859375,1540.199951171875,1541.8002244633253,Linear Regression
2025-09-19,INFOSYS,1540.199951171875,1499.5,1536.5812453505073,Linear Regression
2025-09-22,INFOSYS,1499.5,1497.5,1503.2480274613536,Linear Regression
2025-09-23,INFOSYS,1497.5,1494.5999755859375,1501.985599650041,Linear Regression
2025-09-24,INFOSYS,1494.5999755859375,1484.800048828125,1494.1377074854304,Linear Regression
2025-09-25,INFOSYS,1484.800048828125,1448.9000244140625,1486.648897710846,Linear Regression
2025-09-26,INFOSYS,1448.9000244140625,1441.800048828125,1448.6045157763647,Linear Regression
2025-09-29,INFOSYS,1441.800048828125,1441.800048828125,1442.1182660791892,Linear Regression
2025-09-30,INFOSYS,1441.800048828125,1445.800048828125,1443.3629093154063,Linear Regression
2025-10-01,INFOSYS,1445.800048828125,1446.5999755859375,1441.6942491318764,Linear Regression
2025-10-03,INFOSYS,1446.5999755859375,1476.0,1445.2206074552114,Linear Regression
2025-10-06,INFOSYS,1476.0,1458.5,1475.2967476980189,Linear Regression
2025-10-07,INFOSYS,1458.5,1495.0,1459.2507676786286,Linear Regression
2025-10-08,INFOSYS,1495.0,1509.300048828125,1494.8790711675406,Linear Regression
2025-10-09,INFOSYS,1509.300048828125,1514.9000244140625,1506.3361966287384,Linear Regression
2025-10-10,INFOSYS,1514.9000244140625,1493.199951171875,1513.755647788887,Linear Regression
2025-10-13,INFOSYS,1493.199951171875,1489.9000244140625,1492.7557395853692,Linear Regression
2025-10-14,INFOSYS,1489.9000244140625,1474.4000244140625,1493.6474078957517,Linear Regression
2025-10-15,INFOSYS,1474.4000244140625,1471.5,1474.0312761422229,Linear Regression
2025-10-16,INFOSYS,1471.5,1441.0999755859375,1468.6597132920133,Linear Regression
2025-10-17,INFOSYS,1441.0999755859375,1460.9000244140625,1440.2234608663339,Linear Regression
2025-10-20,INFOSYS,1460.9000244140625,1472.4000244140625,1461.9726447178714,Linear Regression
2025-10-21,INFOSYS,1472.4000244140625,1528.5,1474.8702203163484,Linear Regression
2025-10-23,INFOSYS,1528.5,1525.4000244140625,1531.9434810902853,Linear Regression
2025-10-24,INFOSYS,1525.4000244140625,1504.5,1525.0537386798992,Linear Regression
2025-10-27,INFOSYS,1504.5,1500.199951171875,1504.7430929299148,Linear Regression
2025-10-28,INFOSYS,1500.199951171875,1510.4000244140625,1499.767949368476,Linear Regression
2025-10-29,INFOSYS,1510.4000244140625,1493.800048828125,1512.6459898776052,Linear Regression
2025-10-30,INFOSYS,1493.800048828125,1482.300048828125,1493.6178897568698,Linear Regression
2025-10-31,INFOSYS,1482.300048828125,1485.5,1484.6128773398827,Linear Regression
2025-11-03,INFOSYS,1485.5,1467.9000244140625,1485.4429333013586,Linear Regression
2025-11-04,INFOSYS,1467.9000244140625,1466.699951171875,1467.8254424781144,Linear Regression
2025-11-06,INFOSYS,1466.699951171875,1476.800048828125,1467.4082658955208,Linear Regression
2025-11-07,INFOSYS,1476.800048828125,1513.5,1472.6150949021912,Linear Regression
2025-11-10,INFOSYS,1513.5,1530.300048828125,1515.495620009422,Linear Regression
2025-11-11,INFOSYS,1530.300048828125,1551.699951171875,1527.526844304679,Linear Regression
2025-11-12,INFOSYS,1551.699951171875,1541.800048828125,1553.2906116026302,Linear Regression
2025-11-13,INFOSYS,1541.800048828125,1502.800048828125,1538.9771989349383,Linear Regression
2025-11-14,INFOSYS,1502.800048828125,1507.5999755859375,1502.7406927909856,Linear Regression
2025-11-17,INFOSYS,1507.5999755859375,1486.4000244140625,1507.7284872403566,Linear Regression
2025-11-18,INFOSYS,1486.4000244140625,1541.0999755859375,1486.575970032602,Linear Regression
2025-11-19,INFOSYS,1541.0999755859375,1536.5,1541.5023167316945,Linear Regression
2025-11-20,INFOSYS,1536.5,1545.0,1536.925980972252,Linear Regression
2025-11-21,INFOSYS,1545.0,1548.0,1545.843631482799,Linear Regression
2025-11-24,INFOSYS,1548.0,1530.5999755859375,1552.6420325031222,Linear Regression
2025-11-25,INFOSYS,1530.5999755859375,1557.9000244140625,1530.772327679299,Linear Regression
2025-11-26,INFOSYS,1557.9000244140625,1566.4000244140625,1558.740288299347,Linear Regression
2025-11-27,INFOSYS,1566.4000244140625,1560.0999755859375,1565.775660676823,Linear Regression
2025-11-28,INFOSYS,1560.0999755859375,1564.0,1560.783697565942,Linear Regression
2025-12-01,INFOSYS,1564.0,1561.0,1565.436185587132,Linear Regression
2025-12-02,INFOSYS,1561.0,1578.699951171875,1563.8239931509133,Linear Regression
2025-12-03,INFOSYS,1578.699951171875,1597.5999755859375,1580.212288385609,Linear Regression
2025-12-04,INFOSYS,1597.5999755859375,1616.199951171875,1597.663022827047,Linear Regression
2025-12-05,INFOSYS,1616.199951171875,1610.800048828125,1617.9667902466895,Linear Regression
2025-12-08,INFOSYS,1610.800048828125,1599.0,1611.909705203676,Linear Regression
2025-12-09,INFOSYS,1599.0,1584.800048828125,1596.158962679017,Linear Regression
2025-12-10,INFOSYS,1584.800048828125,1598.0,1584.9211777913797,Linear Regression
2025-12-11,INFOSYS,1598.0,1598.199951171875,1595.8356476424315,Linear Regression
2025-12-12,INFOSYS,1598.199951171875,1606.800048828125,1594.0527576836507,Linear Regression
2025-12-15,INFOSYS,1606.800048828125,1592.9000244140625,1607.7171750437346,Linear Regression
2025-12-16,INFOSYS,1592.9000244140625,1602.0,1592.0391065339,Linear Regression
2025-12-17,INFOSYS,1602.0,1626.800048828125,1603.0254024675019,Linear Regression
2025-12-18,INFOSYS,1626.800048828125,1638.699951171875,1626.5010074091651,Linear Regression
2025-12-19,INFOSYS,1638.699951171875,1689.5999755859375,1637.5964953671478,Linear Regression
2025-12-22,INFOSYS,1689.5999755859375,1668.300048828125,1689.1594729384979,Linear Regression
2025-12-23,INFOSYS,1668.300048828125,1663.4000244140625,1664.9624857041758,Linear Regression
2025-12-24,INFOSYS,1663.4000244140625,1656.0999755859375,1661.9178157873312,Linear Regression
2025-12-26,INFOSYS,1656.0999755859375,1644.699951171875,1656.3827483854238,Linear Regression
2025-12-29,INFOSYS,1644.699951171875,1621.5999755859375,1647.0662510234074,Linear Regression
2025-12-30,INFOSYS,1621.5999755859375,1615.4000244140625,1620.7575933699572,Linear Regression
2023-12-15,TCS,3861.0,3859.199951171875,3858.1384768056027,Linear Regression
2023-12-18,TCS,3859.199951171875,3816.199951171875,3857.9736959903275,Linear Regression
2023-12-19,TCS,3816.199951171875,3780.050048828125,3811.7581079566376,Linear Regression
2023-12-20,TCS,3780.050048828125,3787.5,3779.804839178395,Linear Regression
2023-12-21,TCS,3787.5,3824.0,3782.918805488104,Linear Regression
2023-12-22,TCS,3824.0,3795.550048828125,3817.691121733575,Linear Regression
2023-12-26,TCS,3795.550048828125,3811.199951171875,3791.112441229911,Linear Regression
2023-12-27,TCS,3811.199951171875,3799.89990234375,3804.1353974543313,Linear Regression
2023-12-28,TCS,3799.89990234375,3793.39990234375,3795.0411075365632,Linear Regression
2023-12-29,TCS,3793.39990234375,3811.10009765625,3787.9345520515944,Linear Regression
2024-01-01,TCS,3811.10009765625,3783.199951171875,3805.2998788813534,Linear Regression
2024-01-02,TCS,3783.199951171875,3691.75,3777.3591833385594,Linear Regression
2024-01-03,TCS,3691.75,3666.800048828125,3688.3767220429395,Linear Regression
2024-01-04,TCS,3666.800048828125,3737.89990234375,3663.546290419447,Linear Regression
2024-01-05,TCS,3737.89990234375,3678.300048828125,3733.068610902539,Linear Regression
2024-01-08,TCS,3678.300048828125,3689.89990234375,3674.7345945485554,Linear Regression
2024-01-09,TCS,3689.89990234375,3713.050048828125,3688.3746201910035,Linear Regression
2024-01-10,TCS,3713.050048828125,3735.550048828125,3710.013167776927,Linear Regression
2024-01-11,TCS,3735.550048828125,3882.800048828125,3733.203797043816,Linear Regression
2024-01-12,TCS,3882.800048828125,3903.800048828125,3878.9371083693186,Linear Regression
2024-01-15,TCS,3903.800048828125,3861.300048828125,3899.8091846382454,Linear Regression
2024-01-16,TCS,3861.300048828125,3884.60009765625,3857.8547351274856,Linear Regression
2024-01-17,TCS,3884.60009765625,3902.60009765625,3881.4473382124074,Linear Regression
2024-01-18,TCS,3902.60009765625,3943.050048828125,3897.4115660455395,Linear Regression
2024-01-19,TCS,3943.050048828125,3858.25,3938.9586777227682,Linear Regression
2024-01-23,TCS,3858.25,3841.800048828125,3856.815592913104,Linear Regression
2024-01-24,TCS,3841.800048828125,3810.300048828125,3838.116033613945,Linear Regression
2024-01-25,TCS,3810.300048828125,3801.0,3808.255399631759,Linear Regression
2024-01-29,TCS,3801.0,3800.550048828125,3799.3864630740036,Linear Regression
2024-01-30,TCS,3800.550048828125,3815.949951171875,3800.8872690663047,Linear Regression
2024-01-31,TCS,3815.949951171875,3854.14990234375,3815.238615230982,Linear Regression
2024-02-01,TCS,3854.14990234375,3966.300048828125,3854.6551139724634,Linear Regression
2024-02-02,TCS,3966.300048828125,3973.300048828125,3964.202948322116,Linear Regression
2024-02-05,TCS,3973.300048828125,4136.0,3972.8263833467595,Linear Regression
2024-02-06,TCS,4136.0,4083.39990234375,4130.972534865059,Linear Regression
2024-02-07,TCS,4083.39990234375,4134.10009765625,4080.398845779465,Linear Regression
2024-02-08,TCS,4134.10009765625,4133.7001953125,4130.6588627159945,Linear Regression
2024-02-09,TCS,4133.7001953125,4120.7001953125,4130.368467551087,Linear Regression
2024-02-12,TCS,4120.7001953125,4149.5,4117.275161078298,Linear Regression
2024-02-13,TCS,4149.5,4100.10009765625,4142.934703751684,Linear Regression
2024-02-14,TCS,4100.10009765625,4103.2001953125,4093.1019505443996,Linear Regression
2024-02-15,TCS,4103.2001953125,4128.2998046875,4098.782115807735,Linear Regression
2024-02-16,TCS,4128.2998046875,4103.7998046875,4123.6244817500465,Linear Regression
2024-02-19,TCS,4103.7998046875,4030.64990234375,4096.674027394512,Linear Regression
2024-02-20,TCS,4030.64990234375,3991.5,4026.492234960074,Linear Regression
2024-02-21,TCS,3991.5,4087.10009765625,3989.834346269419,Linear Regression
2024-02-22,TCS,4087.10009765625,4052.10009765625,4081.398196762784,Linear Regression
2024-02-23,TCS,4052.10009765625,4001.050048828125,4048.7216080240505,Linear Regression
2024-02-26,TCS,4001.050048828125,4104.39990234375,3997.4791145016397,Linear Regression
2024-02-27,TCS,4104.39990234375,4118.9501953125,4100.543435805943,Linear Regression
2024-02-28,TCS,4118.9501953125,4095.10009765625,4116.974964214367,Linear Regression
2024-02-29,TCS,4095.10009765625,4094.35009765625,4093.304430444626,Linear Regression
2024-03-01,TCS,4094.35009765625,4080.699951171875,4093.671779575377,Linear Regression
2024-03-04,TCS,4080.699951171875,4012.10009765625,4079.55337091518,Linear Regression
2024-03-05,TCS,4012.10009765625,4064.300048828125,4009.55307824584,Linear Regression
2024-03-06,TCS,4064.300048828125,4108.60009765625,4060.053891073122,Linear Regression
2024-03-07,TCS,4108.60009765625,4122.35009765625,4105.825679152127,Linear Regression
2024-03-11,TCS,4122.35009765625,4192.25,4122.325025989598,Linear Regression
2024-03-12,TCS,4192.25,4149.0,4192.127914759301,Linear Regression
2024-03-13,TCS,4149.0,4207.60009765625,4150.032104287933,Linear Regression
2024-03-14,TCS,4207.60009765625,4219.25,4202.798048765091,Linear Regression
2024-03-15,TCS,4219.25,4152.5,4218.198623260447,Linear Regression
2024-03-18,TCS,4152.5,3977.300048828125,4152.905868556256,Linear Regression
2024-03-19,TCS,3977.300048828125,3970.89990234375,3979.9064035140236,Linear Regression
2024-03-20,TCS,3970.89990234375,3972.949951171875,3973.4361505234233,Linear Regression
2024-03-21,TCS,3972.949951171875,3910.89990234375,3974.531616081245,Linear Regression
2024-03-22,TCS,3910.89990234375,3877.5,3912.3641913263523,Linear Regression
2024-03-26,TCS,3877.5,3840.89990234375,3883.511038709254,Linear Regression
2024-03-27,TCS,3840.89990234375,3876.300048828125,3843.5917422801335,Linear Regression
2024-03-28,TCS,3876.300048828125,3916.75,3880.033583371058,Linear Regression
2024-04-01,TCS,3916.75,3883.800048828125,3918.886511383883,Linear Regression
2024-04-02,TCS,3883.800048828125,3947.300048828125,3886.6276360355128,Linear Regression
2024-04-03,TCS,3947.300048828125,4003.300048828125,3950.0385446984674,Linear Regression
2024-04-04,TCS,4003.300048828125,3979.25,4004.2957395380536,Linear Regression
2024-04-05,TCS,3979.25,3972.550048828125,3981.6730102025717,Linear Regression
2024-04-08,TCS,3972.550048828125,3946.550048828125,3977.1494702778477,Linear Regression
2024-04-09,TCS,3946.550048828125,3984.64990234375,3950.3638126387614,Linear Regression
2024-04-10,TCS,3984.64990234375,4001.39990234375,3985.7469278542926,Linear Regression
2024-04-12,TCS,4001.39990234375,3941.199951171875,4004.497016228565,Linear Regression
2024-04-15,TCS,3941.199951171875,3872.800048828125,3949.2400924367166,Linear Regression
2024-04-16,TCS,3872.800048828125,3862.0,3880.499715384004,Linear Regression
2024-04-18,TCS,3862.0,3826.199951171875,3872.5011139337225,Linear Regression
2024-04-19,TCS,3826.199951171875,3864.60009765625,3834.5907618444,Linear Regression
2024-04-22,TCS,3864.60009765625,3874.699951171875,3871.480320837553,Linear Regression
2024-04-23,TCS,3874.699951171875,3831.050048828125,3882.7290455863995,Linear Regression
2024-04-24,TCS,3831.050048828125,3852.199951171875,3839.5412568450793,Linear Regression
2024-04-25,TCS,3852.199951171875,3821.35009765625,3860.0604721931836,Linear Regression
2024-04-26,TCS,3821.35009765625,3870.199951171875,3828.6509307432643,Linear Regression
2024-04-29,TCS,3870.199951171875,3820.64990234375,3875.3928314221216,Linear Regression
2024-04-30,TCS,3820.64990234375,3863.300048828125,3827.477607986302,Linear Regression
2024-05-02,TCS,3863.300048828125,3843.39990234375,3868.59933880463,Linear Regression
2024-05-03,TCS,3843.39990234375,3921.050048828125,3847.56310385015,Linear Regression
2024-05-06,TCS,3921.050048828125,3978.949951171875,3926.426162023782,Linear Regression
2024-05-07,TCS,3978.949951171875,3976.949951171875,3982.8359798617003,Linear Regression
2024-05-08,TCS,3976.949951171875,3960.199951171875,3980.9482560196357,Linear Regression
2024-05-09,TCS,3960.199951171875,3893.89990234375,3963.058419468183,Linear Regression
2024-05-10,TCS,3893.89990234375,3947.800048828125,3900.3145576457478,Linear Regression
2024-05-13,TCS,3947.800048828125,3901.199951171875,3951.4869681517825,Linear Regression
2024-05-14,TCS,3901.199951171875,3880.39990234375,3906.998217676293,Linear Regression
2024-05-15,TCS,3880.39990234375,3900.949951171875,3886.9023240922193,Linear Regression
2024-05-16,TCS,3900.949951171875,3834.10009765625,3903.620943159602,Linear Regression
2024-05-17,TCS,3834.10009765625,3820.199951171875,3840.133671629891,Linear Regression
2024-05-21,TCS,3820.199951171875,3832.0,3825.381770191478,Linear Regression
2024-05-22,TCS,3832.0,3893.449951171875,3836.1804610624467,Linear Regression
2024-05-23,TCS,3893.449951171875,3849.5,3896.620906231938,Linear Regression
2024-05-24,TCS,3849.5,3847.050048828125,3854.083417738965,Linear Regression
2024-05-27,TCS,3847.050048828125,3839.89990234375,3853.5876870112143,Linear Regression
2024-05-28,TCS,3839.89990234375,3803.64990234375,3843.750421180636,Linear Regression
2024-05-29,TCS,3803.64990234375,3736.10009765625,3807.405835573291,Linear Regression
2024-05-30,TCS,3736.10009765625,3670.949951171875,3739.8985681167183,Linear Regression
2024-05-31,TCS,3670.949951171875,3702.85009765625,3676.257925432974,Linear Regression
2024-06-03,TCS,3702.85009765625,3715.0,3706.8489820983064,Linear Regression
2024-06-04,TCS,3715.0,3746.449951171875,3713.1325361656463,Linear Regression
2024-06-05,TCS,3746.449951171875,3830.39990234375,3750.257353787701,Linear Regression
2024-06-06,TCS,3830.39990234375,3893.949951171875,3831.3587792326825,Linear Regression
2024-06-07,TCS,3893.949951171875,3858.699951171875,3897.965735122038,Linear Regression
2024-06-10,TCS,3858.699951171875,3852.10009765625,3862.339556202371,Linear Regression
2024-06-11,TCS,3852.10009765625,3831.64990234375,3857.1893849957823,Linear Regression
2024-06-12,TCS,3831.64990234375,3878.14990234375,3837.13634888999,Linear Regression
2024-06-13,TCS,3878.14990234375,3832.050048828125,3882.327630766751,Linear Regression
2024-06-14,TCS,3832.050048828125,3815.10009765625,3836.8573851615574,Linear Regression
2024-06-18,TCS,3815.10009765625,3801.699951171875,3819.3253517557355,Linear Regression
2024-06-19,TCS,3801.699951171875,3787.25,3806.210516093342,Linear Regression
2024-06-20,TCS,3787.25,3810.75,3792.481032617732,Linear Regression
2024-06-21,TCS,3810.75,3816.800048828125,3818.275558738461,Linear Regression
2024-06-24,TCS,3816.800048828125,3838.449951171875,3822.6944404765472,Linear Regression
2024-06-25,TCS,3838.449951171875,3855.85009765625,3841.8116175988257,Linear Regression
2024-06-26,TCS,3855.85009765625,3934.14990234375,3860.4272329827395,Linear Regression
2024-06-27,TCS,3934.14990234375,3904.14990234375,3936.1485936273502,Linear Regression
2024-06-28,TCS,3904.14990234375,3978.199951171875,3909.5997627585707,Linear Regression
2024-07-01,TCS,3978.199951171875,4017.39990234375,3980.263221843738,Linear Regression
2024-07-02,TCS,4017.39990234375,3965.25,4018.3449517978497,Linear Regression
2024-07-03,TCS,3965.25,4020.949951171875,3967.1785403944477,Linear Regression
2024-07-04,TCS,4020.949951171875,4011.800048828125,4021.982234919435,Linear Regression
2024-07-05,TCS,4011.800048828125,3993.199951171875,4011.829269200977,Linear Regression
2024-07-08,TCS,3993.199951171875,3985.5,3993.4396900368115,Linear Regression
2024-07-09,TCS,3985.5,3909.14990234375,3986.2170915241563,Linear Regression
2024-07-10,TCS,3909.14990234375,3923.699951171875,3911.3386682198334,Linear Regression
2024-07-11,TCS,3923.699951171875,4183.9501953125,3925.864805530611,Linear Regression
2024-07-12,TCS,4183.9501953125,4169.2001953125,4181.784645731614,Linear Regression
2024-07-15,TCS,4169.2001953125,4178.4501953125,4168.634530053461,Linear Regression
2024-07-16,TCS,4178.4501953125,4315.5498046875,4175.901865562646,Linear Regression
2024-07-18,TCS,4315.5498046875,4302.39990234375,4310.72656889941,Linear Regression
2024-07-19,TCS,4302.39990234375,4287.35009765625,4300.116040097617,Linear Regression
2024-07-22,TCS,4287.35009765625,4302.35009765625,4282.598438252289,Linear Regression
2024-07-23,TCS,4302.35009765625,4306.25,4299.1192103656795,Linear Regression
2024-07-24,TCS,4306.25,4322.5,4301.1910805045045,Linear Regression
2024-07-25,TCS,4322.5,4387.85009765625,4316.322318886443,Linear Regression
2024-07-26,TCS,4387.85009765625,4381.10009765625,4381.9012668334835,Linear Regression
2024-07-29,TCS,4381.10009765625,4365.35009765625,4374.771757376584,Linear Regression
2024-07-30,TCS,4365.35009765625,4385.35009765625,4356.620664911001,Linear Regression
2024-07-31,TCS,4385.35009765625,4397.10009765625,4378.875241722993,Linear Regression
2024-08-01,TCS,4397.10009765625,4283.0498046875,4389.023295414601,Linear Regression
2024-08-02,TCS,4283.0498046875,4155.0498046875,4278.068756571496,Linear Regression
2024-08-05,TCS,4155.0498046875,4171.2001953125,4147.407441826288,Linear Regression
2024-08-06,TCS,4171.2001953125,4200.4501953125,4169.521803170268,Linear Regression
2024-08-07,TCS,4200.4501953125,4172.5498046875,4194.554749992298,Linear Regression
2024-08-08,TCS,4172.5498046875,4228.75,4169.762670972012,Linear Regression
2024-08-09,TCS,4228.75,4195.64990234375,4224.7558529439575,Linear Regression
2024-08-12,TCS,4195.64990234375,4196.9501953125,4190.9713074231095,Linear Regression
2024-08-13,TCS,4196.9501953125,4295.25,4192.639448428881,Linear Regression
2024-08-14,TCS,4295.25,4416.0498046875,4288.651752599311,Linear Regression
2024-08-16,TCS,4416.0498046875,4490.0,4408.838458281765,Linear Regression
2024-08-19,TCS,4490.0,4523.2998046875,4481.202686326573,Linear Regression
2024-08-20,TCS,4523.2998046875,4551.5,4518.4216382607665,Linear Regression
2024-08-21,TCS,4551.5,4502.0,4542.828962940775,Linear Regression
2024-08-22,TCS,4502.0,4463.89990234375,4495.476019163743,Linear Regression
2024-08-23,TCS,4463.89990234375,4502.4501953125,4457.597469573257,Linear Regression
2024-08-26,TCS,4502.4501953125,4497.14990234375,4498.244786844469,Linear Regression
2024-08-27,TCS,4497.14990234375,4506.0498046875,4490.43543262294,Linear Regression
2024-08-28,TCS,4506.0498046875,4511.7998046875,4500.2291984781805,Linear Regression
2024-08-29,TCS,4511.7998046875,4553.75,4507.285219323177,Linear Regression
2024-08-30,TCS,4553.75,4521.0498046875,4548.288656153631,Linear Regression
2024-09-02,TCS,4521.0498046875,4512.35009765625,4515.709706218933,Linear Regression
2024-09-03,TCS,4512.35009765625,4479.25,4507.627514672637,Linear Regression
2024-09-04,TCS,4479.25,4475.9501953125,4471.866238369505,Linear Regression
2024-09-05,TCS,4475.9501953125,4456.75,4470.599115244659,Linear Regression
2024-09-06,TCS,4456.75,4449.5498046875,4453.665629101868,Linear Regression
2024-09-09,TCS,4449.5498046875,4507.85009765625,4446.018547072979,Linear Regression
2024-09-10,TCS,4507.85009765625,4479.35009765625,4504.55713513652,Linear Regression
2024-09-11,TCS,4479.35009765625,4517.7001953125,4478.244670279095,Linear Regression
2024-09-12,TCS,4517.7001953125,4522.60009765625,4512.178849390106,Linear Regression
2024-09-13,TCS,4522.60009765625,4513.25,4520.974320727581,Linear Regression
2024-09-16,TCS,4513.25,4505.64990234375,4511.970223268952,Linear Regression
2024-09-17,TCS,4505.64990234375,4346.14990234375,4503.657823503712,Linear Regression
2024-09-18,TCS,4346.14990234375,4296.14990234375,4346.199308516094,Linear Regression
2024-09-19,TCS,4296.14990234375,4284.89990234375,4297.946279197655,Linear Regression
2024-09-20,TCS,4284.89990234375,4268.5,4283.179629582779,Linear Regression
2024-09-23,TCS,4268.5,4271.2998046875,4268.664223977601,Linear Regression
2024-09-24,TCS,4271.2998046875,4274.75,4271.937853616602,Linear Regression
2024-09-25,TCS,4274.75,4292.5,4275.1663279250915,Linear Regression
2024-09-26,TCS,4292.5,4308.7001953125,4294.463778958387,Linear Regression
2024-09-27,TCS,4308.7001953125,4268.5,4312.0572703164435,Linear Regression
2024-09-30,TCS,4268.5,4287.89990234375,4270.356855181657,Linear Regression
2024-10-01,TCS,4287.89990234375,4232.75,4288.769679299894,Linear Regression
2024-10-03,TCS,4232.75,4252.25,4234.926878215916,Linear Regression
2024-10-04,TCS,4252.25,4272.85009765625,4256.687303722165,Linear Regression
2024-10-07,TCS,4272.85009765625,4253.25,4273.964587687362,Linear Regression
2024-10-08,TCS,4253.25,4252.9501953125,4253.611960402803,Linear Regression
2024-10-09,TCS,4252.9501953125,4227.39990234375,4257.771772941231,Linear Regression
2024-10-10,TCS,4227.39990234375,4149.2001953125,4232.194032422774,Linear Regression
2024-10-11,TCS,4149.2001953125,4136.64990234375,4157.755142688919,Linear Regression
2024-10-14,TCS,4136.64990234375,4116.7998046875,4142.904269393701,Linear Regression
2024-10-15,TCS,4116.7998046875,4094.949951171875,4124.448804664891,Linear Regression
2024-10-16,TCS,4094.949951171875,4109.0,4102.538264000394,Linear Regression
2024-10-17,TCS,4109.0,4123.0498046875,4116.775101258343,Linear Regression
2024-10-18,TCS,4123.0498046875,4079.85009765625,4130.829211733304,Linear Regression
2024-10-21,TCS,4079.85009765625,4015.5,4087.7716618675513,Linear Regression
2024-10-22,TCS,4015.5,4066.25,4024.428127269963,Linear Regression
2024-10-23,TCS,4066.25,4047.89990234375,4075.011177491495,Linear Regression
2024-10-24,TCS,4047.89990234375,4057.550048828125,4056.584328072332,Linear Regression
2024-10-25,TCS,4057.550048828125,4090.85009765625,4065.399741188037,Linear Regression
2024-10-28,TCS,4090.85009765625,4075.25,4099.1952600263685,Linear Regression
2024-10-29,TCS,4075.25,4084.64990234375,4082.442885611477,Linear Regression
2024-10-30,TCS,4084.64990234375,3968.449951171875,4092.4894915199247,Linear Regression
2024-10-31,TCS,3968.449951171875,3984.199951171875,3977.868545359493,Linear Regression
2024-11-01,TCS,3984.199951171875,3964.14990234375,3991.924810028343,Linear Regression
2024-11-04,TCS,3964.14990234375,3971.35009765625,3970.803627688498,Linear Regression
2024-11-05,TCS,3971.35009765625,4139.64990234375,3979.83878319496,Linear Regression
2024-11-06,TCS,4139.64990234375,4150.89990234375,4144.5721738469365,Linear Regression
2024-11-07,TCS,4150.89990234375,4147.0,4157.4654505053495,Linear Regression
2024-11-08,TCS,4147.0,4198.7001953125,4153.742078035384,Linear Regression
2024-11-11,TCS,4198.7001953125,4197.39990234375,4205.759581572609,Linear Regression
2024-11-12,TCS,4197.39990234375,4150.35009765625,4202.021441309169,Linear Regression
2024-11-13,TCS,4150.35009765625,4145.89990234375,4156.470806827334,Linear Regression
2024-11-14,TCS,4145.89990234375,4019.5,4151.08203322842,Linear Regression
2024-11-18,TCS,4019.5,4039.550048828125,4026.1013641430513,Linear Regression
2024-11-19,TCS,4039.550048828125,4072.85009765625,4049.605579524137,Linear Regression
2024-11-21,TCS,4072.85009765625,4244.60009765625,4077.634166043958,Linear Regression
2024-11-22,TCS,4244.60009765625,4315.10009765625,4245.559409884363,Linear Regression
2024-11-25,TCS,4315.10009765625,4352.7001953125,4316.614097313897,Linear Regression
2024-11-26,TCS,4352.7001953125,4332.5498046875,4353.877586506904,Linear Regression
2024-11-27,TCS,4332.5498046875,4244.89990234375,4334.142066607443,Linear Regression
2024-11-28,TCS,4244.89990234375,4270.85009765625,4246.932152506228,Linear Regression
2024-11-29,TCS,4270.85009765625,4276.64990234375,4270.222488801679,Linear Regression
2024-12-02,TCS,4276.64990234375,4302.75,4274.440693893368,Linear Regression
2024-12-03,TCS,4302.75,4354.39990234375,4300.59395981178,Linear Regression
2024-12-04,TCS,4354.39990234375,4464.0498046875,4353.108732888451,Linear Regression
2024-12-05,TCS,4464.0498046875,4445.5,4460.21663371228,Linear Regression
2024-12-06,TCS,4445.5,4452.14990234375,4441.676431507096,Linear Regression
2024-12-09,TCS,4452.14990234375,4432.5498046875,4448.869929869354,Linear Regression
2024-12-10,TCS,4432.5498046875,4427.4501953125,4431.641238441016,Linear Regression
2024-12-11,TCS,4427.4501953125,4454.9501953125,4423.567660611712,Linear Regression
2024-12-12,TCS,4454.9501953125,4473.89990234375,4451.700075151168,Linear Regression
2024-12-13,TCS,4473.89990234375,4415.2001953125,4467.348521552352,Linear Regression
2024-12-16,TCS,4415.2001953125,4328.5,4410.8000528043085,Linear Regression
2024-12-17,TCS,4328.5,4347.85009765625,4326.328364544279,Linear Regression
2024-12-18,TCS,4347.85009765625,4271.89990234375,4343.437377794802,Linear Regression
2024-12-19,TCS,4271.89990234375,4170.2998046875,4273.573035097565,Linear Regression
2024-12-20,TCS,4170.2998046875,4158.2998046875,4172.024472570145,Linear Regression
2024-12-23,TCS,4158.2998046875,4179.5,4154.750832568883,Linear Regression
2024-12-24,TCS,4179.5,4169.10009765625,4178.432372452931,Linear Regression
2024-12-26,TCS,4169.10009765625,4164.85009765625,4165.677562062114,Linear Regression
2024-12-27,TCS,4164.85009765625,4158.7998046875,4161.486258405506,Linear Regression
2024-12-30,TCS,4158.7998046875,4094.800048828125,4155.319852437051,Linear Regression
2024-12-31,TCS,4094.800048828125,4112.4501953125,4088.815274800683,Linear Regression
2025-01-01,TCS,4112.4501953125,4175.75,4109.497214569306,Linear Regression
2025-01-02,TCS,4175.75,4099.89990234375,4170.493265179039,Linear Regression
2025-01-03,TCS,4099.89990234375,4095.0,4097.632336432203,Linear Regression
2025-01-06,TCS,4095.0,4028.300048828125,4093.7048893166234,Linear Regression
2025-01-07,TCS,4028.300048828125,4108.39990234375,4028.5394818659165,Linear Regression
2025-01-08,TCS,4108.39990234375,4038.85009765625,4106.292212180575,Linear Regression
2025-01-09,TCS,4038.85009765625,4265.64990234375,4040.899839187563,Linear Regression
2025-01-10,TCS,4265.64990234375,4291.10009765625,4265.730435619887,Linear Regression
2025-01-13,TCS,4291.10009765625,4233.0498046875,4292.714712630484,Linear Regression
2025-01-14,TCS,4233.0498046875,4249.60009765625,4236.508569558577,Linear Regression
2025-01-15,TCS,4249.60009765625,4206.2998046875,4251.812735768066,Linear Regression
2025-01-16,TCS,4206.2998046875,4124.2998046875,4211.943930421208,Linear Regression
2025-01-17,TCS,4124.2998046875,4077.800048828125,4128.08271636547,Linear Regression
2025-01-20,TCS,4077.800048828125,4035.85009765625,4082.8014295158264,Linear Regression
2025-01-21,TCS,4035.85009765625,4156.60009765625,4042.019218045084,Linear Regression
2025-01-22,TCS,4156.60009765625,4145.4501953125,4159.409248968046,Linear Regression
2025-01-23,TCS,4145.4501953125,4152.35009765625,4151.218145785337,Linear Regression
2025-01-24,TCS,4152.35009765625,4065.14990234375,4157.59682087717,Linear Regression
2025-01-27,TCS,4065.14990234375,4040.300048828125,4072.177125791768,Linear Regression
2025-01-28,TCS,4040.300048828125,4099.7998046875,4046.8634117290294,Linear Regression
2025-01-29,TCS,4099.7998046875,4100.0498046875,4104.470598966693,Linear Regression
2025-01-30,TCS,4100.0498046875,4112.39990234375,4103.984032215367,Linear Regression
2025-01-31,TCS,4112.39990234375,4073.14990234375,4116.417188959416,Linear Regression
2025-02-01,TCS,4073.14990234375,4068.64990234375,4078.3515785248533,Linear Regression
2025-02-03,TCS,4068.64990234375,4107.0498046875,4071.0245523010335,Linear Regression
2025-02-04,TCS,4107.0498046875,4091.10009765625,4110.59909193545,Linear Regression
2025-02-05,TCS,4091.10009765625,4082.75,4095.073424566736,Linear Regression
2025-02-06,TCS,4082.75,4029.39990234375,4087.3359182662903,Linear Regression
2025-02-07,TCS,4029.39990234375,4036.949951171875,4033.654364495912,Linear Regression
2025-02-10,TCS,4036.949951171875,3963.550048828125,4040.8429174002267,Linear Regression
2025-02-11,TCS,3963.550048828125,3950.14990234375,3970.0061283637556,Linear Regression
2025-02-12,TCS,3950.14990234375,3910.14990234375,3957.6677412582294,Linear Regression
2025-02-13,TCS,3910.14990234375,3934.85009765625,3916.325340417448,Linear Regression
2025-02-14,TCS,3934.85009765625,3904.5,3938.596260314182,Linear Regression
2025-02-17,TCS,3904.5,3873.199951171875,3909.385951320378,Linear Regression
2025-02-18,TCS,3873.199951171875,3784.10009765625,3878.389343969708,Linear Regression
2025-02-19,TCS,3784.10009765625,3779.39990234375,3788.7485716043675,Linear Regression
2025-02-20,TCS,3779.39990234375,3786.0,3783.1004497399076,Linear Regression
2025-02-21,TCS,3786.0,3675.60009765625,3790.961273966866,Linear Regression
2025-02-24,TCS,3675.60009765625,3629.550048828125,3680.473079066411,Linear Regression
2025-02-25,TCS,3629.550048828125,3612.550048828125,3634.4228698256316,Linear Regression
2025-02-27,TCS,3612.550048828125,3483.25,3616.766168548707,Linear Regression
2025-02-28,TCS,3483.25,3493.050048828125,3488.2671863479245,Linear Regression
2025-03-03,TCS,3493.050048828125,3532.050048828125,3498.39761846921,Linear Regression
2025-03-04,TCS,3532.050048828125,3547.050048828125,3535.6432601486977,Linear Regression
2025-03-05,TCS,3547.050048828125,3601.60009765625,3553.7374479840637,Linear Regression
2025-03-06,TCS,3601.60009765625,3611.199951171875,3604.717584109832,Linear Regression
2025-03-07,TCS,3611.199951171875,3589.64990234375,3615.2201599460122,Linear Regression
2025-03-10,TCS,3589.64990234375,3575.300048828125,3595.6161828135764,Linear Regression
2025-03-11,TCS,3575.300048828125,3506.199951171875,3580.8289485120445,Linear Regression
2025-03-12,TCS,3506.199951171875,3511.050048828125,3513.2473960713146,Linear Regression
2025-03-13,TCS,3511.050048828125,3497.699951171875,3518.031669189772,Linear Regression
2025-03-17,TCS,3497.699951171875,3497.699951171875,3506.6561317765545,Linear Regression
2025-03-18,TCS,3497.699951171875,3497.10009765625,3505.9767185788223,Linear Regression
2025-03-20,TCS,3563.14990234375,3578.10009765625,3573.152450894508,Linear Regression
2025-03-21,TCS,3578.10009765625,3628.949951171875,3588.7016434319803,Linear Regression
2025-03-24,TCS,3628.949951171875,3657.75,3637.9748851908485,Linear Regression
2025-03-25,TCS,3657.75,3635.800048828125,3670.5802496851347,Linear Regression
2025-03-26,TCS,3635.800048828125,3651.199951171875,3647.2986186557146,Linear Regression
2025-03-27,TCS,3651.199951171875,3606.14990234375,3660.50604980256,Linear Regression
2025-03-28,TCS,3606.14990234375,3550.800048828125,3615.371890144784,Linear Regression
2025-04-01,TCS,3550.800048828125,3543.949951171875,3558.8488571175276,Linear Regression
2025-04-02,TCS,3543.949951171875,3403.14990234375,3552.3203144772183,Linear Regression
2025-04-03,TCS,3403.14990234375,3299.39990234375,3412.9713805895512,Linear Regression
2025-04-04,TCS,3299.39990234375,3274.050048828125,3310.267284913509,Linear Regression
2025-04-07,TCS,3274.050048828125,3292.949951171875,3277.831469615144,Linear Regression
2025-04-08,TCS,3292.949951171875,3246.60009765625,3300.9548131208558,Linear Regression
2025-04-09,TCS,3246.60009765625,3231.5,3252.280089366132,Linear Regression
2025-04-11,TCS,3231.5,3248.199951171875,3238.4375971504196,Linear Regression
2025-04-15,TCS,3248.199951171875,3273.800048828125,3254.4944372327136,Linear Regression
2025-04-16,TCS,3273.800048828125,3298.89990234375,3277.8231434761556,Linear Regression
2025-04-17,TCS,3298.89990234375,3321.60009765625,3301.478014353038,Linear Regression
2025-04-21,TCS,3321.60009765625,3314.39990234375,3326.9350762200907,Linear Regression
2025-04-22,TCS,3314.39990234375,3413.0,3318.058885981713,Linear Regression
2025-04-23,TCS,3413.0,3401.60009765625,3414.7578688852486,Linear Regression
2025-04-24,TCS,3401.60009765625,3448.0,3404.8266065112384,Linear Regression
2025-04-25,TCS,3448.0,3443.5,3451.7073803438766,Linear Regression
2025-04-28,TCS,3443.5,3472.5,3446.122851181994,Linear Regression
2025-04-29,TCS,3472.5,3453.699951171875,3476.096970244793,Linear Regression
2025-04-30,TCS,3453.699951171875,3431.0,3455.647910771933,Linear Regression
2025-05-02,TCS,3431.0,3454.300048828125,3436.891732533297,Linear Regression
2025-05-05,TCS,3454.300048828125,3460.0,3461.7472393695075,Linear Regression
2025-05-06,TCS,3460.0,3445.10009765625,3464.438582874026,Linear Regression
2025-05-07,TCS,3445.10009765625,3448.89990234375,3449.968878163514,Linear Regression
2025-05-08,TCS,3448.89990234375,3440.300048828125,3453.1323132035277,Linear Regression
2025-05-09,TCS,3440.300048828125,3620.39990234375,3443.0992039402277,Linear Regression
2025-05-12,TCS,3620.39990234375,3515.0,3619.8608872157115,Linear Regression
2025-05-13,TCS,3515.0,3548.699951171875,3517.034073692623,Linear Regression
2025-05-14,TCS,3548.699951171875,3579.89990234375,3548.1401740593246,Linear Regression
2025-05-15,TCS,3579.89990234375,3561.300048828125,3577.493136019931,Linear Regression
2025-05-16,TCS,3561.300048828125,3518.800048828125,3559.97622140349,Linear Regression
2025-05-19,TCS,3518.800048828125,3498.300048828125,3517.7854521620466,Linear Regression
2025-05-20,TCS,3498.300048828125,3525.800048828125,3499.368671341421,Linear Regression
2025-05-21,TCS,3525.800048828125,3477.0,3524.9718548555393,Linear Regression
2025-05-22,TCS,3477.0,3514.60009765625,3475.4739408435385,Linear Regression
2025-05-23,TCS,3514.60009765625,3537.300048828125,3513.6101251354435,Linear Regression
2025-05-26,TCS,3537.300048828125,3498.699951171875,3535.5634002696565,Linear Regression
2025-05-27,TCS,3498.699951171875,3497.699951171875,3497.7240563830374,Linear Regression
2025-05-28,TCS,3497.699951171875,3498.10009765625,3497.0537521189194,Linear Regression
2025-05-29,TCS,3498.10009765625,3463.39990234375,3498.1818411883005,Linear Regression
2025-05-30,TCS,3463.39990234375,3449.800048828125,3463.1126329242325,Linear Regression
2025-06-02,TCS,3449.800048828125,3405.199951171875,3447.7353630042626,Linear Regression
2025-06-03,TCS,3405.199951171875,3380.89990234375,3406.2476397948863,Linear Regression
2025-06-04,TCS,3380.89990234375,3371.10009765625,3379.934891440976,Linear Regression
2025-06-05,TCS,3371.10009765625,3384.199951171875,3370.3975971075542,Linear Regression
2025-06-06,TCS,3384.199951171875,3421.89990234375,3382.579067525407,Linear Regression
2025-06-09,TCS,3421.89990234375,3462.89990234375,3420.7852390181642,Linear Regression
2025-06-10,TCS,3462.89990234375,3471.89990234375,3461.664469246599,Linear Regression
2025-06-11,TCS,3471.89990234375,3434.199951171875,3470.732581085769,Linear Regression
2025-06-12,TCS,3434.199951171875,3445.699951171875,3433.694587898894,Linear Regression
2025-06-13,TCS,3445.699951171875,3496.300048828125,3444.586725267392,Linear Regression
2025-06-16,TCS,3496.300048828125,3515.300048828125,3494.6618988604378,Linear Regression
2025-06-17,TCS,3515.300048828125,3451.39990234375,3513.472788330662,Linear Regression
2025-06-18,TCS,3451.39990234375,3424.0,3452.571987673365,Linear Regression
2025-06-19,TCS,3424.0,3435.699951171875,3424.0170238679266,Linear Regression
2025-06-20,TCS,3435.699951171875,3393.60009765625,3435.917126825327,Linear Regression
2025-06-23,TCS,3393.60009765625,3390.39990234375,3394.532672365665,Linear Regression
2025-06-24,TCS,3390.39990234375,3444.800048828125,3392.771328735792,Linear Regression
2025-06-25,TCS,3444.800048828125,3441.800048828125,3445.9719116071337,Linear Regression
2025-06-26,TCS,3441.800048828125,3441.10009765625,3442.960849606552,Linear Regression
2025-06-27,TCS,3441.10009765625,3462.0,3443.4217843688325,Linear Regression
2025-06-30,TCS,3462.0,3429.699951171875,3463.2139197613697,Linear Regression
2025-07-01,TCS,3429.699951171875,3423.300048828125,3432.8778765977518,Linear Regression
2025-07-02,TCS,3423.300048828125,3400.800048828125,3426.560973163914,Linear Regression
2025-07-03,TCS,3400.800048828125,3419.800048828125,3403.802060363849,Linear Regression
2025-07-04,TCS,3419.800048828125,3411.699951171875,3421.111379101648,Linear Regression
2025-07-07,TCS,3411.699951171875,3406.199951171875,3414.1642660458624,Linear Regression
2025-07-08,TCS,3406.199951171875,3383.800048828125,3409.0048922368446,Linear Regression
2025-07-09,TCS,3383.800048828125,3382.0,3385.90087673083,Linear Regression
2025-07-10,TCS,3382.0,3266.0,3384.0268651859205,Linear Regression
2025-07-11,TCS,3266.0,3222.699951171875,3271.655680054203,Linear Regression
2025-07-14,TCS,3222.699951171875,3252.300048828125,3225.425346812103,Linear Regression
2025-07-15,TCS,3252.300048828125,3233.10009765625,3254.8278149608127,Linear Regression
2025-07-16,TCS,3233.10009765625,3209.199951171875,3236.091303294158,Linear Regression
2025-07-17,TCS,3209.199951171875,3189.89990234375,3212.8489871618262,Linear Regression
2025-07-18,TCS,3189.89990234375,3158.199951171875,3193.145590655006,Linear Regression
2025-07-21,TCS,3158.199951171875,3159.60009765625,3161.359253220821,Linear Regression
2025-07-22,TCS,3159.60009765625,3179.10009765625,3162.8537584421497,Linear Regression
2025-07-23,TCS,3179.10009765625,3148.0,3181.106316992894,Linear Regression
2025-07-24,TCS,3148.0,3135.800048828125,3150.6373486128946,Linear Regression
2025-07-25,TCS,3135.800048828125,3079.300048828125,3138.729190203426,Linear Regression
2025-07-28,TCS,3079.300048828125,3056.0,3082.7625836786005,Linear Regression
2025-07-29,TCS,3056.0,3053.60009765625,3059.7305209498254,Linear Regression
2025-07-30,TCS,3053.60009765625,3036.800048828125,3057.4202235667844,Linear Regression
2025-07-31,TCS,3036.800048828125,3003.0,3040.514522082456,Linear Regression
2025-08-01,TCS,3003.0,3074.39990234375,3007.8183745751285,Linear Regression
2025-08-04,TCS,3074.39990234375,3063.89990234375,3077.1768976815165,Linear Regression
2025-08-05,TCS,3063.89990234375,3032.300048828125,3067.924115881024,Linear Regression
2025-08-06,TCS,3032.300048828125,3047.0,3038.053252653667,Linear Regression
2025-08-07,TCS,3047.0,3036.39990234375,3052.793027140711,Linear Regression
2025-08-08,TCS,3036.39990234375,3040.800048828125,3042.7447668905165,Linear Regression
2025-08-11,TCS,3040.800048828125,3035.39990234375,3046.3454811630286,Linear Regression
2025-08-12,TCS,3035.39990234375,3036.199951171875,3044.3644559582785,Linear Regression
2025-08-13,TCS,3036.199951171875,3022.300048828125,3042.758766707676,Linear Regression
2025-08-14,TCS,3022.300048828125,3011.199951171875,3030.42491345602,Linear Regression
2025-08-18,TCS,3011.199951171875,3016.199951171875,3018.501106418734,Linear Regression
2025-08-19,TCS,3016.199951171875,3098.60009765625,3023.79513586506,Linear Regression
2025-08-20,TCS,3098.60009765625,3102.60009765625,3104.877592956845,Linear Regression
2025-08-21,TCS,3102.60009765625,3054.0,3109.2008957382973,Linear Regression
2025-08-22,TCS,3054.0,3140.60009765625,3062.1287612041956,Linear Regression
2025-08-25,TCS,3140.60009765625,3157.199951171875,3146.8070234969123,Linear Regression
2025-08-26,TCS,3157.199951171875,3093.699951171875,3163.349418250839,Linear Regression
2025-08-28,TCS,3093.699951171875,3084.699951171875,3100.292002686252,Linear Regression
2025-08-29,TCS,3084.699951171875,3112.60009765625,3091.4671331495233,Linear Regression
2025-09-01,TCS,3112.60009765625,3111.5,3118.4951515075354,Linear Regression
2025-09-02,TCS,3111.5,3097.5,3118.0134877739074,Linear Regression
2025-09-03,TCS,3097.5,3095.699951171875,3102.752109469044,Linear Regression
2025-09-04,TCS,3095.699951171875,3048.300048828125,3100.252965039161,Linear Regression
2025-09-05,TCS,3048.300048828125,3019.0,3052.7530634491486,Linear Regression
2025-09-08,TCS,3019.0,3049.39990234375,3024.550132291192,Linear Regression
2025-09-09,TCS,3049.39990234375,3110.0,3053.778344153786,Linear Regression
2025-09-10,TCS,3110.0,3124.199951171875,3112.9986678163873,Linear Regression
2025-09-11,TCS,3124.199951171875,3133.39990234375,3126.433563567142,Linear Regression
2025-09-12,TCS,3133.39990234375,3111.89990234375,3135.5632286028044,Linear Regression
2025-09-15,TCS,3111.89990234375,3145.699951171875,3113.29025713781,Linear Regression
2025-09-16,TCS,3145.699951171875,3172.800048828125,3146.291925569229,Linear Regression
2025-09-17,TCS,3172.800048828125,3176.699951171875,3173.941816640142,Linear Regression
2025-09-18,TCS,3176.699951171875,3169.199951171875,3177.8979486568232,Linear Regression
2025-09-19,TCS,3169.199951171875,3073.800048828125,3169.412321499723,Linear Regression
2025-09-22,TCS,3073.800048828125,3062.39990234375,3075.4184099425083,Linear Regression
2025-09-23,TCS,3062.39990234375,3035.39990234375,3063.6672041228317,Linear Regression
2025-09-24,TCS,3035.39990234375,2957.39990234375,3036.648441095212,Linear Regression
2025-09-25,TCS,2957.39990234375,2899.10009765625,2959.6221883999633,Linear Regression
2025-09-26,TCS,2899.10009765625,2896.10009765625,2901.129630124719,Linear Regression
2025-09-29,TCS,2896.10009765625,2888.39990234375,2897.816984614424,Linear Regression
2025-09-30,TCS,2888.39990234375,2914.199951171875,2889.0533690322372,Linear Regression
2025-10-01,TCS,2914.199951171875,2901.89990234375,2913.0683441132956,Linear Regression
2025-10-03,TCS,2901.89990234375,2988.39990234375,2901.749230822229,Linear Regression
2025-10-06,TCS,2988.39990234375,2973.699951171875,2986.70157044357,Linear Regression
2025-10-07,TCS,2973.699951171875,3027.199951171875,2973.1789396386557,Linear Regression
2025-10-08,TCS,3027.199951171875,3061.699951171875,3026.5677867597697,Linear Regression
2025-10-09,TCS,3061.699951171875,3028.300048828125,3060.3485604280895,Linear Regression
2025-10-10,TCS,3028.300048828125,3007.199951171875,3029.606472653117,Linear Regression
2025-10-13,TCS,3007.199951171875,2960.300048828125,3008.432410870454,Linear Regression
2025-10-14,TCS,2960.300048828125,2969.800048828125,2962.7676211566004,Linear Regression
2025-10-15,TCS,2969.800048828125,2970.699951171875,2971.5388724863265,Linear Regression
2025-10-16,TCS,2970.699951171875,2962.199951171875,2972.2959823687843,Linear Regression
2025-10-17,TCS,2962.199951171875,3015.199951171875,2966.9283739218295,Linear Regression
2025-10-20,TCS,3015.199951171875,3006.699951171875,3018.9230257110707,Linear Regression
2025-10-21,TCS,3006.699951171875,3073.199951171875,3010.206551038178,Linear Regression
2025-10-23,TCS,3073.199951171875,3063.199951171875,3077.432342012669,Linear Regression
2025-10-24,TCS,3063.199951171875,3084.89990234375,3067.6433759775673,Linear Regression
2025-10-27,TCS,3084.89990234375,3057.89990234375,3087.914079248846,Linear Regression
2025-10-28,TCS,3057.89990234375,3057.60009765625,3061.1862218848973,Linear Regression
2025-10-29,TCS,3057.60009765625,3035.300048828125,3061.0003390560305,Linear Regression
2025-10-30,TCS,3035.300048828125,3058.0,3039.1465859265045,Linear Regression
2025-10-31,TCS,3058.0,3016.800048828125,3060.609910936696,Linear Regression
2025-11-03,TCS,3016.800048828125,2990.199951171875,3020.682310067331,Linear Regression
2025-11-04,TCS,2990.199951171875,3010.89990234375,2993.8616289539204,Linear Regression
2025-11-06,TCS,3010.89990234375,2991.800048828125,3014.767903988454,Linear Regression
2025-11-07,TCS,2991.800048828125,3025.199951171875,2993.4630780905936,Linear Regression
2025-11-10,TCS,3025.199951171875,3047.0,3028.830194907968,Linear Regression
2025-11-11,TCS,3047.0,3131.800048828125,3048.2778754800343,Linear Regression
2025-11-12,TCS,3131.800048828125,3105.699951171875,3132.782634569999,Linear Regression
2025-11-13,TCS,3105.699951171875,3106.0,3107.084910823363,Linear Regression
2025-11-14,TCS,3106.0,3102.199951171875,3106.489395787693,Linear Regression
2025-11-17,TCS,3102.199951171875,3087.10009765625,3103.1541063548952,Linear Regression
2025-11-18,TCS,3087.10009765625,3147.699951171875,3087.8294590947335,Linear Regression
2025-11-19,TCS,3147.699951171875,3144.800048828125,3147.0391861217245,Linear Regression
2025-11-20,TCS,3144.800048828125,3150.60009765625,3145.9326398803773,Linear Regression
2025-11-21,TCS,3150.60009765625,3141.199951171875,3151.472734705441,Linear Regression
2025-11-24,TCS,3141.199951171875,3119.199951171875,3143.060643709357,Linear Regression
2025-11-25,TCS,3119.199951171875,3162.89990234375,3120.2817176223443,Linear Regression
2025-11-26,TCS,3162.89990234375,3136.60009765625,3163.157897339065,Linear Regression
2025-11-27,TCS,3136.60009765625,3137.5,3136.720158088661,Linear Regression
2025-11-28,TCS,3137.5,3133.39990234375,3137.144889640418,Linear Regression
2025-12-01,TCS,3133.39990234375,3135.699951171875,3133.4691839014035,Linear Regression
2025-12-02,TCS,3135.699951171875,3180.0,3135.019039398173,Linear Regression
2025-12-03,TCS,3180.0,3229.199951171875,3180.8011642135816,Linear Regression
2025-12-04,TCS,3229.199951171875,3238.199951171875,3229.0868360946215,Linear Regression
2025-12-05,TCS,3238.199951171875,3236.5,3239.3273400681696,Linear Regression
2025-12-08,TCS,3236.5,3208.300048828125,3235.5149950024966,Linear Regression
2025-12-09,TCS,3208.300048828125,3189.199951171875,3206.8469666453943,Linear Regression
2025-12-10,TCS,3189.199951171875,3191.89990234375,3188.412082583046,Linear Regression
2025-12-11,TCS,3191.89990234375,3220.5,3189.622665206203,Linear Regression
2025-12-12,TCS,3220.5,3230.199951171875,3219.102997909485,Linear Regression
2025-12-15,TCS,3230.199951171875,3205.10009765625,3229.2104603610483,Linear Regression
2025-12-16,TCS,3205.10009765625,3217.800048828125,3204.230832118351,Linear Regression
2025-12-17,TCS,3217.800048828125,3280.800048828125,3218.3332695834083,Linear Regression
2025-12-18,TCS,3280.800048828125,3282.0,3279.406746922385,Linear Regression
2025-12-19,TCS,3282.0,3324.89990234375,3282.5725001280225,Linear Regression
2025-12-22,TCS,3324.89990234375,3310.0,3322.364936422922,Linear Regression
2025-12-23,TCS,3310.0,3319.0,3307.5713119494185,Linear Regression
2025-12-24,TCS,3319.0,3280.0,3316.704467912788,Linear Regression
2025-12-26,TCS,3280.0,3251.5,3278.250685157981,Linear Regression
2025-12-29,TCS,3251.5,3246.800048828125,3250.1840021401767,Linear Regression
2025-12-30,TCS,3246.800048828125,3206.199951171875,3246.3439440753905,Linear Regression
2023-12-15,TECHM,1306.0999755859375,1291.75,1308.5912840948927,Linear Regression
2023-12-18,TECHM,1291.75,1281.449951171875,1295.6092033799232,Linear Regression
2023-12-19,TECHM,1281.449951171875,1248.5999755859375,1279.9883832630203,Linear Regression
2023-12-20,TECHM,1248.5999755859375,1250.0999755859375,1251.6896224270286,Linear Regression
2023-12-21,TECHM,1250.0999755859375,1275.1500244140625,1250.478410761381,Linear Regression
2023-12-22,TECHM,1275.1500244140625,1282.0,1274.1031928586422,Linear Regression
2023-12-26,TECHM,1282.0,1280.1500244140625,1281.27309542795,Linear Regression
2023-12-27,TECHM,1280.1500244140625,1285.949951171875,1278.9941351343896,Linear Regression
2023-12-28,TECHM,1285.949951171875,1272.6500244140625,1284.1154543389362,Linear Regression
2023-12-29,TECHM,1272.6500244140625,1297.1500244140625,1272.972698602971,Linear Regression
2024-01-01,TECHM,1297.1500244140625,1278.0999755859375,1297.8615475289075,Linear Regression
2024-01-02,TECHM,1278.0999755859375,1244.199951171875,1277.5638206431977,Linear Regression
2024-01-03,TECHM,1244.199951171875,1247.5,1245.0151492751206,Linear Regression
2024-01-04,TECHM,1247.5,1248.300048828125,1245.5299051061593,Linear Regression
2024-01-05,TECHM,1248.300048828125,1228.949951171875,1250.6238945030564,Linear Regression
2024-01-08,TECHM,1228.949951171875,1235.6500244140625,1228.933564001621,Linear Regression
2024-01-09,TECHM,1235.6500244140625,1240.9000244140625,1236.9018217110697,Linear Regression
2024-01-10,TECHM,1240.9000244140625,1249.4000244140625,1240.8570522433492,Linear Regression
2024-01-11,TECHM,1249.4000244140625,1308.050048828125,1251.6969847406158,Linear Regression
2024-01-12,TECHM,1308.050048828125,1337.6500244140625,1308.4704788841987,Linear Regression
2024-01-15,TECHM,1337.6500244140625,1320.4000244140625,1347.3850726069331,Linear Regression
2024-01-16,TECHM,1320.4000244140625,1326.75,1319.2656771765678,Linear Regression
2024-01-17,TECHM,1326.75,1355.1500244140625,1328.0288882010127,Linear Regression
2024-01-18,TECHM,1355.1500244140625,1389.9000244140625,1355.1526397208213,Linear Regression
2024-01-19,TECHM,1389.9000244140625,1366.6500244140625,1388.1085378778048,Linear Regression
2024-01-23,TECHM,1366.6500244140625,1407.949951171875,1368.3534109810048,Linear Regression
2024-01-24,TECHM,1407.949951171875,1322.050048828125,1407.4319291478419,Linear Regression
2024-01-25,TECHM,1322.050048828125,1314.3499755859375,1319.5238734093523,Linear Regression
2024-01-29,TECHM,1314.3499755859375,1317.8499755859375,1312.6486767506303,Linear Regression
2024-01-30,TECHM,1317.8499755859375,1333.6500244140625,1318.8487100104476,Linear Regression
2024-01-31,TECHM,1333.6500244140625,1312.5,1332.4037620782465,Linear Regression
2024-02-01,TECHM,1312.5,1338.0999755859375,1311.9332156303462,Linear Regression
2024-02-02,TECHM,1338.0999755859375,1332.75,1339.912648546133,Linear Regression
2024-02-05,TECHM,1332.75,1351.050048828125,1332.5525758436338,Linear Regression
2024-02-06,TECHM,1351.050048828125,1318.0,1352.1291007185955,Linear Regression
2024-02-07,TECHM,1318.0,1309.25,1318.5299949911682,Linear Regression
2024-02-08,TECHM,1309.25,1311.050048828125,1308.466952737031,Linear Regression
2024-02-09,TECHM,1311.050048828125,1318.800048828125,1310.9745479614844,Linear Regression
2024-02-12,TECHM,1318.800048828125,1328.449951171875,1320.0779949757175,Linear Regression
2024-02-13,TECHM,1328.449951171875,1292.9000244140625,1327.384782841692,Linear Regression
2024-02-14,TECHM,1292.9000244140625,1300.3499755859375,1292.984895393889,Linear Regression
2024-02-15,TECHM,1300.3499755859375,1302.550048828125,1299.4458676447084,Linear Regression
2024-02-16,TECHM,1302.550048828125,1310.0,1302.058179582651,Linear Regression
2024-02-19,TECHM,1310.0,1320.550048828125,1309.4372891282765,Linear Regression
2024-02-20,TECHM,1320.550048828125,1296.5999755859375,1320.0675273972956,Linear Regression
2024-02-21,TECHM,1296.5999755859375,1328.0999755859375,1297.1430614654382,Linear Regression
2024-02-22,TECHM,1328.0999755859375,1322.25,1328.7054085629766,Linear Regression
2024-02-23,TECHM,1322.25,1298.25,1322.7177575354358,Linear Regression
2024-02-26,TECHM,1298.25,1296.050048828125,1299.0388218410744,Linear Regression
2024-02-27,TECHM,1296.050048828125,1285.8499755859375,1296.298166966175,Linear Regression
2024-02-28,TECHM,1285.8499755859375,1273.8499755859375,1285.25710286187,Linear Regression
2024-02-29,TECHM,1273.8499755859375,1271.800048828125,1273.259110758855,Linear Regression
2024-03-01,TECHM,1271.800048828125,1280.050048828125,1271.3043229668801,Linear Regression
2024-03-04,TECHM,1280.050048828125,1272.5,1280.0935527303836,Linear Regression
2024-03-05,TECHM,1272.5,1271.0,1271.6793329485467,Linear Regression
2024-03-06,TECHM,1271.0,1288.1500244140625,1269.3369512553695,Linear Regression
2024-03-07,TECHM,1288.1500244140625,1289.0,1288.0966517883126,Linear Regression
2024-03-11,TECHM,1289.0,1292.300048828125,1288.6513601404909,Linear Regression
2024-03-12,TECHM,1292.300048828125,1277.199951171875,1292.7396290531738,Linear Regression
2024-03-13,TECHM,1277.199951171875,1293.3499755859375,1277.4427754123508,Linear Regression
2024-03-14,TECHM,1293.3499755859375,1282.199951171875,1293.2491074543595,Linear Regression
2024-03-15,TECHM,1282.199951171875,1272.6500244140625,1280.601765772737,Linear Regression
2024-03-18,TECHM,1272.6500244140625,1252.25,1273.3847616551961,Linear Regression
2024-03-19,TECHM,1252.25,1264.300048828125,1252.5565162825233,Linear Regression
2024-03-20,TECHM,1264.300048828125,1282.75,1265.4680489835596,Linear Regression
2024-03-21,TECHM,1282.75,1262.6500244140625,1283.2109463836941,Linear Regression
2024-03-22,TECHM,1262.6500244140625,1254.3499755859375,1263.0142722274313,Linear Regression
2024-03-26,TECHM,1254.3499755859375,1253.800048828125,1255.689244331365,Linear Regression
2024-03-27,TECHM,1253.800048828125,1248.0999755859375,1253.8974982292666,Linear Regression
2024-03-28,TECHM,1248.0999755859375,1244.550048828125,1248.4219445370031,Linear Regression
2024-04-01,TECHM,1244.550048828125,1236.800048828125,1246.0948888166618,Linear Regression
2024-04-02,TECHM,1236.800048828125,1255.1500244140625,1238.088136602698,Linear Regression
2024-04-03,TECHM,1255.1500244140625,1279.25,1256.9799120604616,Linear Regression
2024-04-04,TECHM,1279.25,1263.4000244140625,1280.1542466728165,Linear Regression
2024-04-05,TECHM,1263.4000244140625,1265.1500244140625,1263.5078547373973,Linear Regression
2024-04-08,TECHM,1265.1500244140625,1251.4000244140625,1264.3647765416572,Linear Regression
2024-04-09,TECHM,1251.4000244140625,1266.300048828125,1253.596299365303,Linear Regression
2024-04-10,TECHM,1266.300048828125,1242.0999755859375,1266.6487270925768,Linear Regression
2024-04-12,TECHM,1242.0999755859375,1218.75,1242.6426218068527,Linear Regression
2024-04-15,TECHM,1218.75,1195.800048828125,1218.8826391251378,Linear Regression
2024-04-16,TECHM,1195.800048828125,1179.6500244140625,1196.2349840021398,Linear Regression
2024-04-18,TECHM,1179.6500244140625,1193.6500244140625,1179.938855791108,Linear Regression
2024-04-19,TECHM,1193.6500244140625,1208.050048828125,1195.8194226351316,Linear Regression
2024-04-22,TECHM,1208.050048828125,1200.25,1209.1406467434135,Linear Regression
2024-04-23,TECHM,1200.25,1185.699951171875,1199.625355230176,Linear Regression
2024-04-24,TECHM,1185.699951171875,1190.300048828125,1184.8864966622673,Linear Regression
2024-04-25,TECHM,1190.300048828125,1278.75,1188.2244933959137,Linear Regression
2024-04-26,TECHM,1278.75,1288.300048828125,1285.639659202137,Linear Regression
2024-04-29,TECHM,1288.300048828125,1263.5,1290.7055290844728,Linear Regression
2024-04-30,TECHM,1263.5,1266.9000244140625,1263.6390978498162,Linear Regression
2024-05-02,TECHM,1266.9000244140625,1250.449951171875,1266.7645855575092,Linear Regression
2024-05-03,TECHM,1250.449951171875,1262.25,1249.9030311222486,Linear Regression
2024-05-06,TECHM,1262.25,1292.449951171875,1261.2677913883504,Linear Regression
2024-05-07,TECHM,1292.449951171875,1287.0,1292.1452081912203,Linear Regression
2024-05-08,TECHM,1287.0,1269.0999755859375,1287.088869684309,Linear Regression
2024-05-09,TECHM,1269.0999755859375,1264.4000244140625,1268.5413128535106,Linear Regression
2024-05-10,TECHM,1264.4000244140625,1262.050048828125,1263.4934612984657,Linear Regression
2024-05-13,TECHM,1262.050048828125,1275.5,1260.814125347314,Linear Regression
2024-05-14,TECHM,1275.5,1274.5,1275.8468246003395,Linear Regression
2024-05-15,TECHM,1274.5,1307.949951171875,1274.2818335318498,Linear Regression
2024-05-16,TECHM,1307.949951171875,1305.4000244140625,1307.5000657906407,Linear Regression
2024-05-17,TECHM,1305.4000244140625,1323.9000244140625,1305.90485839647,Linear Regression
2024-05-21,TECHM,1323.9000244140625,1330.4000244140625,1324.2884729437246,Linear Regression
2024-05-22,TECHM,1330.4000244140625,1337.5,1328.6569183335378,Linear Regression
2024-05-23,TECHM,1337.5,1321.75,1336.9132112656766,Linear Regression
2024-05-24,TECHM,1321.75,1329.699951171875,1322.7334389720977,Linear Regression
2024-05-27,TECHM,1329.699951171875,1315.0999755859375,1331.7694063058366,Linear Regression
2024-05-28,TECHM,1315.0999755859375,1286.449951171875,1314.3992453846658,Linear Regression
2024-05-29,TECHM,1286.449951171875,1240.8499755859375,1285.9472697082606,Linear Regression
2024-05-30,TECHM,1240.8499755859375,1228.449951171875,1241.1725115377685,Linear Regression
2024-05-31,TECHM,1228.449951171875,1245.3499755859375,1227.7861929038954,Linear Regression
2024-06-03,TECHM,1245.3499755859375,1239.300048828125,1244.5750239615854,Linear Regression
2024-06-04,TECHM,1239.300048828125,1266.9000244140625,1234.431375458938,Linear Regression
2024-06-05,TECHM,1266.9000244140625,1317.449951171875,1266.263167787943,Linear Regression
2024-06-06,TECHM,1317.449951171875,1377.5999755859375,1317.190317235445,Linear Regression
2024-06-07,TECHM,1377.5999755859375,1340.3499755859375,1377.5963053995233,Linear Regression
2024-06-10,TECHM,1340.3499755859375,1349.449951171875,1339.3226250817643,Linear Regression
2024-06-11,TECHM,1349.449951171875,1370.5999755859375,1349.1479525219643,Linear Regression
2024-06-12,TECHM,1370.5999755859375,1388.949951171875,1370.1360410847838,Linear Regression
2024-06-13,TECHM,1388.949951171875,1371.449951171875,1388.6206428788382,Linear Regression
2024-06-14,TECHM,1371.449951171875,1371.3499755859375,1369.6486706090177,Linear Regression
2024-06-18,TECHM,1371.3499755859375,1381.1500244140625,1371.6858802905808,Linear Regression
2024-06-19,TECHM,1381.1500244140625,1393.0999755859375,1378.7238964633862,Linear Regression
2024-06-20,TECHM,1393.0999755859375,1399.800048828125,1390.675758493021,Linear Regression
2024-06-21,TECHM,1399.800048828125,1401.699951171875,1400.7758259038915,Linear Regression
2024-06-24,TECHM,1401.699951171875,1427.75,1400.4622136438566,Linear Regression
2024-06-25,TECHM,1427.75,1413.050048828125,1426.8595574985575,Linear Regression
2024-06-26,TECHM,1413.050048828125,1432.25,1411.1182153474338,Linear Regression
2024-06-27,TECHM,1432.25,1430.3499755859375,1431.0110648463751,Linear Regression
2024-06-28,TECHM,1430.3499755859375,1472.0999755859375,1429.814365778851,Linear Regression
2024-07-01,TECHM,1472.0999755859375,1472.1500244140625,1471.62299119314,Linear Regression
2024-07-02,TECHM,1472.1500244140625,1479.800048828125,1473.1707200641931,Linear Regression
2024-07-03,TECHM,1479.800048828125,1459.1500244140625,1477.1430001651693,Linear Regression
2024-07-04,TECHM,1459.1500244140625,1461.3499755859375,1459.5665622020156,Linear Regression
2024-07-05,TECHM,1461.3499755859375,1467.5999755859375,1459.4576618404603,Linear Regression
2024-07-08,TECHM,1467.5999755859375,1465.75,1468.3342588329197,Linear Regression
2024-07-09,TECHM,1465.75,1463.3499755859375,1463.762474122957,Linear Regression
2024-07-10,TECHM,1463.3499755859375,1460.5999755859375,1460.152981972245,Linear Regression
2024-07-11,TECHM,1460.5999755859375,1505.050048828125,1457.5896983996158,Linear Regression
2024-07-12,TECHM,1505.050048828125,1499.050048828125,1503.9682796466432,Linear Regression
2024-07-15,TECHM,1499.050048828125,1516.199951171875,1498.6623497921737,Linear Regression
2024-07-16,TECHM,1516.199951171875,1539.3499755859375,1514.4339596990094,Linear Regression
2024-07-18,TECHM,1539.3499755859375,1491.4000244140625,1540.1502170696922,Linear Regression
2024-07-19,TECHM,1491.4000244140625,1495.550048828125,1491.0987571155842,Linear Regression
2024-07-22,TECHM,1495.550048828125,1493.4000244140625,1496.2335307549383,Linear Regression
2024-07-23,TECHM,1493.4000244140625,1533.300048828125,1490.835904842323,Linear Regression
2024-07-24,TECHM,1533.300048828125,1530.0,1532.9655007103802,Linear Regression
2024-07-25,TECHM,1530.0,1541.1500244140625,1529.8984378878044,Linear Regression
2024-07-26,TECHM,1541.1500244140625,1525.3499755859375,1530.9778270182278,Linear Regression
2024-07-29,TECHM,1525.3499755859375,1538.050048828125,1525.2136596546793,Linear Regression
2024-07-30,TECHM,1538.050048828125,1554.4000244140625,1540.530355287989,Linear Regression
2024-07-31,TECHM,1554.4000244140625,1544.449951171875,1555.0287711298897,Linear Regression
2024-08-01,TECHM,1544.449951171875,1507.699951171875,1545.773540156698,Linear Regression
2024-08-02,TECHM,1507.699951171875,1456.3499755859375,1507.806042607348,Linear Regression
2024-08-05,TECHM,1456.3499755859375,1483.4000244140625,1454.979589544571,Linear Regression
2024-08-06,TECHM,1483.4000244140625,1473.6500244140625,1486.8071628920225,Linear Regression
2024-08-07,TECHM,1473.6500244140625,1466.449951171875,1475.545919586601,Linear Regression
2024-08-08,TECHM,1466.449951171875,1506.699951171875,1468.3260671530334,Linear Regression
2024-08-09,TECHM,1506.699951171875,1512.5,1507.1689381491833,Linear Regression
2024-08-12,TECHM,1512.5,1503.4000244140625,1512.4818753002887,Linear Regression
2024-08-13,TECHM,1503.4000244140625,1524.4000244140625,1505.1170189541367,Linear Regression
2024-08-14,TECHM,1524.4000244140625,1585.300048828125,1524.2836138597013,Linear Regression
2024-08-16,TECHM,1585.300048828125,1594.6500244140625,1583.4235387181466,Linear Regression
2024-08-19,TECHM,1594.6500244140625,1628.5999755859375,1594.4046800024698,Linear Regression
2024-08-20,TECHM,1628.5999755859375,1604.6500244140625,1628.9057298145854,Linear Regression
2024-08-21,TECHM,1604.6500244140625,1611.25,1605.5007597075796,Linear Regression
2024-08-22,TECHM,1611.25,1598.4000244140625,1610.8064310638338,Linear Regression
2024-08-23,TECHM,1598.4000244140625,1640.1500244140625,1597.4244358721867,Linear Regression
2024-08-26,TECHM,1640.1500244140625,1624.5999755859375,1639.9071050369957,Linear Regression
2024-08-27,TECHM,1624.5999755859375,1627.3499755859375,1622.9519324300804,Linear Regression
2024-08-28,TECHM,1627.3499755859375,1647.3499755859375,1631.2705076990796,Linear Regression
2024-08-29,TECHM,1647.3499755859375,1636.5,1647.4791917126458,Linear Regression
2024-08-30,TECHM,1636.5,1646.6500244140625,1636.4762146474668,Linear Regression
2024-09-02,TECHM,1646.6500244140625,1644.0999755859375,1646.9750983466797,Linear Regression
2024-09-03,TECHM,1644.0999755859375,1645.300048828125,1643.6131748750659,Linear Regression
2024-09-04,TECHM,1645.300048828125,1639.5,1643.5943065740348,Linear Regression
2024-09-05,TECHM,1639.5,1623.25,1637.8326438444674,Linear Regression
2024-09-06,TECHM,1623.25,1579.199951171875,1622.8000982955855,Linear Regression
2024-09-09,TECHM,1579.199951171875,1607.4000244140625,1579.2515396460703,Linear Regression
2024-09-10,TECHM,1607.4000244140625,1602.5999755859375,1606.0768730940517,Linear Regression
2024-09-11,TECHM,1602.5999755859375,1643.25,1604.1940142387598,Linear Regression
2024-09-12,TECHM,1643.25,1656.050048828125,1643.3863532408882,Linear Regression
2024-09-13,TECHM,1656.050048828125,1649.0,1655.4392730386894,Linear Regression
2024-09-16,TECHM,1649.0,1651.550048828125,1651.9398007825312,Linear Regression
2024-09-17,TECHM,1651.550048828125,1605.4000244140625,1654.087042774424,Linear Regression
2024-09-18,TECHM,1605.4000244140625,1595.3499755859375,1604.0363021029707,Linear Regression
2024-09-19,TECHM,1595.3499755859375,1622.050048828125,1596.9745845406997,Linear Regression
2024-09-20,TECHM,1622.050048828125,1607.1500244140625,1620.281816588038,Linear Regression
2024-09-23,TECHM,1607.1500244140625,1637.0999755859375,1607.0716133489432,Linear Regression
2024-09-24,TECHM,1637.0999755859375,1602.75,1639.1957746150747,Linear Regression
2024-09-25,TECHM,1602.75,1606.949951171875,1602.849773455644,Linear Regression
2024-09-26,TECHM,1606.949951171875,1609.25,1607.087339505741,Linear Regression
2024-09-27,TECHM,1609.25,1577.199951171875,1615.5027763848093,Linear Regression
2024-09-30,TECHM,1577.199951171875,1625.4000244140625,1576.0911535810592,Linear Regression
2024-10-01,TECHM,1625.4000244140625,1604.050048828125,1629.4685169091558,Linear Regression
2024-10-03,TECHM,1604.050048828125,1616.449951171875,1606.1366266739287,Linear Regression
2024-10-04,TECHM,1616.449951171875,1618.550048828125,1623.0383420785706,Linear Regression
2024-10-07,TECHM,1618.550048828125,1629.0999755859375,1618.1564055369204,Linear Regression
2024-10-08,TECHM,1629.0999755859375,1658.800048828125,1628.3191376499121,Linear Regression
2024-10-09,TECHM,1658.800048828125,1619.699951171875,1660.8910602229953,Linear Regression
2024-10-10,TECHM,1619.699951171875,1647.050048828125,1620.9992937796828,Linear Regression
2024-10-11,TECHM,1647.050048828125,1692.5,1649.8075353313238,Linear Regression
2024-10-14,TECHM,1692.5,1675.3499755859375,1695.2058675461235,Linear Regression
2024-10-15,TECHM,1675.3499755859375,1660.300048828125,1675.0915019707568,Linear Regression
2024-10-16,TECHM,1660.300048828125,1699.0,1661.0796998459136,Linear Regression
2024-10-17,TECHM,1699.0,1687.9000244140625,1701.321144143928,Linear Regression
2024-10-18,TECHM,1687.9000244140625,1701.199951171875,1684.1916768787628,Linear Regression
2024-10-21,TECHM,1701.199951171875,1696.550048828125,1702.6745394896784,Linear Regression
2024-10-22,TECHM,1696.550048828125,1735.949951171875,1699.6483310770022,Linear Regression
2024-10-23,TECHM,1735.949951171875,1735.75,1737.5634441084903,Linear Regression
2024-10-24,TECHM,1735.75,1716.449951171875,1736.3867825343427,Linear Regression
2024-10-25,TECHM,1716.449951171875,1702.550048828125,1716.5522843499807,Linear Regression
2024-10-28,TECHM,1702.550048828125,1698.5,1704.0256425669322,Linear Regression
2024-10-29,TECHM,1698.5,1684.949951171875,1698.7202439627367,Linear Regression
2024-10-30,TECHM,1684.949951171875,1608.6500244140625,1685.6862880109024,Linear Regression
2024-10-31,TECHM,1608.6500244140625,1603.6500244140625,1607.7528081296505,Linear Regression
2024-11-01,TECHM,1603.6500244140625,1638.4000244140625,1602.5441749574334,Linear Regression
2024-11-04,TECHM,1638.4000244140625,1632.6500244140625,1637.7008530708763,Linear Regression
2024-11-05,TECHM,1632.6500244140625,1693.550048828125,1633.5358981470486,Linear Regression
2024-11-06,TECHM,1693.550048828125,1651.0,1693.3036171256485,Linear Regression
2024-11-07,TECHM,1651.0,1681.3499755859375,1654.3740292945686,Linear Regression
2024-11-08,TECHM,1681.3499755859375,1704.1500244140625,1681.218175738858,Linear Regression
2024-11-11,TECHM,1704.1500244140625,1687.0,1706.06822690224,Linear Regression
2024-11-12,TECHM,1687.0,1675.5999755859375,1686.568457453835,Linear Regression
2024-11-13,TECHM,1675.5999755859375,1687.5,1675.2756137375127,Linear Regression
2024-11-14,TECHM,1687.5,1660.800048828125,1688.3463387031843,Linear Regression
2024-11-18,TECHM,1660.800048828125,1699.6500244140625,1658.1069402973917,Linear Regression
2024-11-19,TECHM,1699.6500244140625,1702.25,1704.401024968939,Linear Regression
2024-11-21,TECHM,1702.25,1747.449951171875,1701.7672095697344,Linear Regression
2024-11-22,TECHM,1747.449951171875,1732.5999755859375,1746.7747207377706,Linear Regression
2024-11-25,TECHM,1732.5999755859375,1745.4000244140625,1732.6191885568405,Linear Regression
2024-11-26,TECHM,1745.4000244140625,1756.800048828125,1747.7790413951252,Linear Regression
2024-11-27,TECHM,1756.800048828125,1713.3499755859375,1757.3998575715682,Linear Regression
2024-11-28,TECHM,1713.3499755859375,1712.300048828125,1713.0810802051597,Linear Regression
2024-11-29,TECHM,1712.300048828125,1745.949951171875,1713.4669843686652,Linear Regression
2024-12-02,TECHM,1745.949951171875,1749.5,1746.302162007696,Linear Regression
2024-12-03,TECHM,1749.5,1759.5999755859375,1747.6334993337714,Linear Regression
2024-12-04,TECHM,1759.5999755859375,1786.949951171875,1761.8463056546343,Linear Regression
2024-12-05,TECHM,1786.949951171875,1782.800048828125,1787.7285226287095,Linear Regression
2024-12-06,TECHM,1782.800048828125,1777.8499755859375,1781.4181491502586,Linear Regression
2024-12-09,TECHM,1777.8499755859375,1763.550048828125,1780.0855740934117,Linear Regression
2024-12-10,TECHM,1763.550048828125,1762.800048828125,1763.2984119980033,Linear Regression
2024-12-11,TECHM,1762.800048828125,1789.5999755859375,1761.2451895500712,Linear Regression
2024-12-12,TECHM,1789.5999755859375,1796.4000244140625,1791.599063917497,Linear Regression
2024-12-13,TECHM,1796.4000244140625,1775.550048828125,1795.4609399531682,Linear Regression
2024-12-16,TECHM,1775.550048828125,1770.75,1774.1691485456645,Linear Regression
2024-12-17,TECHM,1770.75,1778.9000244140625,1771.3939226256061,Linear Regression
2024-12-18,TECHM,1778.9000244140625,1754.3499755859375,1780.5463522293699,Linear Regression
2024-12-19,TECHM,1754.3499755859375,1686.050048828125,1756.3135422373425,Linear Regression
2024-12-20,TECHM,1686.050048828125,1712.4000244140625,1686.733076912455,Linear Regression
2024-12-23,TECHM,1712.4000244140625,1704.9000244140625,1714.1203355794823,Linear Regression
2024-12-24,TECHM,1704.9000244140625,1698.699951171875,1704.7407506158434,Linear Regression
2024-12-26,TECHM,1698.699951171875,1711.6500244140625,1698.3374908251253,Linear Regression
2024-12-27,TECHM,1711.6500244140625,1740.8499755859375,1711.0392786624238,Linear Regression
2024-12-30,TECHM,1740.8499755859375,1706.199951171875,1743.1888294752803,Linear Regression
2024-12-31,TECHM,1706.199951171875,1703.8499755859375,1703.1744730797618,Linear Regression
2025-01-01,TECHM,1703.8499755859375,1726.949951171875,1704.3475715661684,Linear Regression
2025-01-02,TECHM,1726.949951171875,1689.449951171875,1726.771547239388,Linear Regression
2025-01-03,TECHM,1689.449951171875,1686.300048828125,1690.7433831724857,Linear Regression
2025-01-06,TECHM,1686.300048828125,1671.1500244140625,1685.5220642743243,Linear Regression
2025-01-07,TECHM,1671.1500244140625,1663.75,1671.4312743763899,Linear Regression
2025-01-08,TECHM,1663.75,1642.800048828125,1659.6342131148099,Linear Regression
2025-01-09,TECHM,1642.800048828125,1705.5999755859375,1642.226951428097,Linear Regression
2025-01-10,TECHM,1705.5999755859375,1659.6500244140625,1705.985523157377,Linear Regression
2025-01-13,TECHM,1659.6500244140625,1647.5,1658.7941869094125,Linear Regression
2025-01-14,TECHM,1647.5,1675.949951171875,1643.7953535616566,Linear Regression
2025-01-15,TECHM,1675.949951171875,1687.6500244140625,1675.4537243347813,Linear Regression
2025-01-16,TECHM,1687.6500244140625,1660.300048828125,1690.1867499365167,Linear Regression
2025-01-17,TECHM,1660.300048828125,1674.5999755859375,1661.8232591835913,Linear Regression
2025-01-20,TECHM,1674.5999755859375,1640.5,1671.9260345268995,Linear Regression
2025-01-21,TECHM,1640.5,1683.949951171875,1645.3323037760615,Linear Regression
2025-01-22,TECHM,1683.949951171875,1713.4000244140625,1685.2076242526878,Linear Regression
2025-01-23,TECHM,1713.4000244140625,1723.050048828125,1717.6983478682437,Linear Regression
2025-01-24,TECHM,1723.050048828125,1653.9000244140625,1723.9599539035066,Linear Regression
2025-01-27,TECHM,1653.9000244140625,1648.3499755859375,1654.8951108145948,Linear Regression
2025-01-28,TECHM,1648.3499755859375,1681.1500244140625,1648.3583413761025,Linear Regression
2025-01-29,TECHM,1681.1500244140625,1670.0999755859375,1681.2597754969852,Linear Regression
2025-01-30,TECHM,1670.0999755859375,1674.449951171875,1672.6632265614408,Linear Regression
2025-01-31,TECHM,1674.449951171875,1646.4000244140625,1676.908140413289,Linear Regression
2025-02-01,TECHM,1646.4000244140625,1654.699951171875,1648.1418954331502,Linear Regression
2025-02-03,TECHM,1654.699951171875,1659.050048828125,1654.5130505488023,Linear Regression
2025-02-04,TECHM,1659.050048828125,1661.0,1659.8298558582687,Linear Regression
2025-02-05,TECHM,1661.0,1669.5999755859375,1660.4071743276231,Linear Regression
2025-02-06,TECHM,1669.5999755859375,1692.0999755859375,1669.9769933070306,Linear Regression
2025-02-07,TECHM,1692.0999755859375,1699.050048828125,1691.4365396864291,Linear Regression
2025-02-10,TECHM,1699.050048828125,1669.0999755859375,1699.370294398947,Linear Regression
2025-02-11,TECHM,1669.0999755859375,1680.199951171875,1669.66803773198,Linear Regression
2025-02-12,TECHM,1680.199951171875,1675.300048828125,1680.314334905171,Linear Regression
2025-02-13,TECHM,1675.300048828125,1659.0999755859375,1673.8144750958645,Linear Regression
2025-02-14,TECHM,1659.0999755859375,1664.949951171875,1660.2733913798656,Linear Regression
2025-02-17,TECHM,1664.949951171875,1705.0,1662.8011934412607,Linear Regression
2025-02-18,TECHM,1705.0,1685.800048828125,1706.0989651502823,Linear Regression
2025-02-19,TECHM,1685.800048828125,1657.8499755859375,1687.7807669510466,Linear Regression
2025-02-20,TECHM,1657.8499755859375,1649.5,1660.2267707148349,Linear Regression
2025-02-21,TECHM,1649.5,1613.699951171875,1649.7690390712728,Linear Regression
2025-02-24,TECHM,1613.699951171875,1593.949951171875,1614.8099520551596,Linear Regression
2025-02-25,TECHM,1593.949951171875,1588.25,1593.7073231288246,Linear Regression
2025-02-27,TECHM,1588.25,1487.8499755859375,1587.9634822365247,Linear Regression
2025-02-28,TECHM,1487.8499755859375,1493.050048828125,1486.393776398732,Linear Regression
2025-03-03,TECHM,1493.050048828125,1488.25,1493.5373055049422,Linear Regression
2025-03-04,TECHM,1488.25,1538.0999755859375,1482.534464329512,Linear Regression
2025-03-05,TECHM,1538.0999755859375,1503.449951171875,1538.4655130273068,Linear Regression
2025-03-06,TECHM,1503.449951171875,1492.3499755859375,1501.866872263024,Linear Regression
2025-03-07,TECHM,1492.3499755859375,1486.8499755859375,1488.4063541232345,Linear Regression
2025-03-10,TECHM,1486.8499755859375,1479.199951171875,1483.7372121979738,Linear Regression
2025-03-11,TECHM,1479.199951171875,1438.300048828125,1475.7421238705929,Linear Regression
2025-03-12,TECHM,1438.300048828125,1440.6500244140625,1432.9334427464614,Linear Regression
2025-03-13,TECHM,1440.6500244140625,1440.0999755859375,1436.6715291969795,Linear Regression
2025-03-17,TECHM,1440.0999755859375,1440.0999755859375,1434.7075351099543,Linear Regression
2025-03-18,TECHM,1440.0999755859375,1396.1500244140625,1435.768027106224,Linear Regression
2025-03-20,TECHM,1410.550048828125,1409.25,1407.7357033298772,Linear Regression
2025-03-21,TECHM,1409.25,1458.6500244140625,1408.717103635864,Linear Regression
2025-03-24,TECHM,1458.6500244140625,1455.5,1458.515861967137,Linear Regression
2025-03-25,TECHM,1455.5,1416.300048828125,1454.6408283753367,Linear Regression
2025-03-26,TECHM,1416.300048828125,1423.9000244140625,1414.7486761397963,Linear Regression
2025-03-27,TECHM,1423.9000244140625,1418.25,1423.7318938219687,Linear Regression
2025-03-28,TECHM,1418.25,1395.1500244140625,1418.6761934305982,Linear Regression
2025-04-01,TECHM,1395.1500244140625,1423.050048828125,1395.6626243749347,Linear Regression
2025-04-02,TECHM,1423.050048828125,1369.3499755859375,1423.4853802154234,Linear Regression
2025-04-03,TECHM,1369.3499755859375,1320.949951171875,1368.058790905769,Linear Regression
2025-04-04,TECHM,1320.949951171875,1288.0,1321.3543769441035,Linear Regression
2025-04-07,TECHM,1288.0,1314.4000244140625,1284.5718864732235,Linear Regression
2025-04-08,TECHM,1314.4000244140625,1272.75,1314.36567663381,Linear Regression
2025-04-09,TECHM,1272.75,1282.25,1270.943456685016,Linear Regression
2025-04-11,TECHM,1282.25,1301.699951171875,1285.1666337570268,Linear Regression
2025-04-15,TECHM,1301.699951171875,1308.699951171875,1297.7774746381551,Linear Regression
2025-04-16,TECHM,1308.699951171875,1306.800048828125,1307.0343720768542,Linear Regression
2025-04-17,TECHM,1306.800048828125,1373.5,1302.5858164834617,Linear Regression
2025-04-21,TECHM,1373.5,1376.5,1376.5240196739696,Linear Regression
2025-04-22,TECHM,1376.5,1439.5999755859375,1376.2022645223778,Linear Regression
2025-04-23,TECHM,1439.5999755859375,1445.199951171875,1437.7833430754222,Linear Regression
2025-04-24,TECHM,1445.199951171875,1462.0,1445.5529771933138,Linear Regression
2025-04-25,TECHM,1462.0,1461.5,1452.0772834037657,Linear Regression
2025-04-28,TECHM,1461.5,1495.300048828125,1458.8117075760133,Linear Regression
2025-04-29,TECHM,1495.300048828125,1503.0,1495.3720350691406,Linear Regression
2025-04-30,TECHM,1503.0,1494.0999755859375,1501.397719846775,Linear Regression
2025-05-02,TECHM,1494.0999755859375,1494.5999755859375,1493.4848728976858,Linear Regression
2025-05-05,TECHM,1494.5999755859375,1496.199951171875,1492.5217953254096,Linear Regression
2025-05-06,TECHM,1496.199951171875,1495.199951171875,1493.0349960836484,Linear Regression
2025-05-07,TECHM,1495.199951171875,1502.800048828125,1492.610668926367,Linear Regression
2025-05-08,TECHM,1502.800048828125,1493.699951171875,1500.1052988891815,Linear Regression
2025-05-09,TECHM,1493.699951171875,1573.0999755859375,1491.7263274339289,Linear Regression
2025-05-12,TECHM,1573.0999755859375,1572.5,1571.5346080618287,Linear Regression
2025-05-13,TECHM,1572.5,1603.199951171875,1568.103994180964,Linear Regression
2025-05-14,TECHM,1603.199951171875,1629.0999755859375,1600.5224476820144,Linear Regression
2025-05-15,TECHM,1629.0999755859375,1617.0,1626.6958794873208,Linear Regression
2025-05-16,TECHM,1617.0,1597.800048828125,1612.519426185805,Linear Regression
2025-05-19,TECHM,1597.800048828125,1576.0,1596.430037535653,Linear Regression
2025-05-20,TECHM,1576.0,1598.199951171875,1574.8335793076526,Linear Regression
2025-05-21,TECHM,1598.199951171875,1565.5999755859375,1596.4929548267933,Linear Regression
2025-05-22,TECHM,1565.5999755859375,1580.300048828125,1562.425477181312,Linear Regression
2025-05-23,TECHM,1580.300048828125,1601.4000244140625,1581.2781763151274,Linear Regression
2025-05-26,TECHM,1601.4000244140625,1592.4000244140625,1600.0092210060961,Linear Regression
2025-05-27,TECHM,1592.4000244140625,1580.300048828125,1588.8713133202468,Linear Regression
2025-05-28,TECHM,1580.300048828125,1600.0,1578.167695380415,Linear Regression
2025-05-29,TECHM,1600.0,1573.9000244140625,1597.5322078709182,Linear Regression
2025-05-30,TECHM,1573.9000244140625,1549.0999755859375,1570.8264878083937,Linear Regression
2025-06-02,TECHM,1549.0999755859375,1543.800048828125,1546.7864899635883,Linear Regression
2025-06-03,TECHM,1543.800048828125,1556.699951171875,1542.1084884076622,Linear Regression
2025-06-04,TECHM,1556.699951171875,1562.800048828125,1556.8441286414677,Linear Regression
2025-06-05,TECHM,1562.800048828125,1571.0999755859375,1561.0176833555756,Linear Regression
2025-06-06,TECHM,1571.0999755859375,1579.0999755859375,1569.569656767288,Linear Regression
2025-06-09,TECHM,1579.0999755859375,1610.9000244140625,1579.9096067492114,Linear Regression
2025-06-10,TECHM,1610.9000244140625,1637.5,1614.521014500649,Linear Regression
2025-06-11,TECHM,1637.5,1644.4000244140625,1637.2914293126737,Linear Regression
2025-06-12,TECHM,1644.4000244140625,1659.0,1642.9888948919888,Linear Regression
2025-06-13,TECHM,1659.0,1693.9000244140625,1661.3468302061838,Linear Regression
2025-06-16,TECHM,1693.9000244140625,1718.5999755859375,1694.9447173472486,Linear Regression
2025-06-17,TECHM,1718.5999755859375,1710.699951171875,1717.6141360287206,Linear Regression
2025-06-18,TECHM,1710.699951171875,1684.0,1710.8720616846022,Linear Regression
2025-06-19,TECHM,1684.0,1696.0999755859375,1680.0931133883287,Linear Regression
2025-06-20,TECHM,1696.0999755859375,1681.800048828125,1694.519857231896,Linear Regression
2025-06-23,TECHM,1681.800048828125,1677.0999755859375,1680.495026938198,Linear Regression
2025-06-24,TECHM,1677.0999755859375,1705.0,1676.1228159224288,Linear Regression
2025-06-25,TECHM,1705.0,1690.199951171875,1702.9131760356422,Linear Regression
2025-06-26,TECHM,1690.199951171875,1674.4000244140625,1686.4711533794193,Linear Regression
2025-06-27,TECHM,1674.4000244140625,1687.0,1670.3008559887771,Linear Regression
2025-06-30,TECHM,1687.0,1671.199951171875,1682.897768253511,Linear Regression
2025-07-01,TECHM,1671.199951171875,1677.0999755859375,1670.3980662836498,Linear Regression
2025-07-02,TECHM,1677.0999755859375,1671.9000244140625,1678.116925745574,Linear Regression
2025-07-03,TECHM,1671.9000244140625,1655.199951171875,1671.698923919983,Linear Regression
2025-07-04,TECHM,1655.199951171875,1623.9000244140625,1655.3716693600395,Linear Regression
2025-07-07,TECHM,1623.9000244140625,1635.4000244140625,1622.5359173831698,Linear Regression
2025-07-08,TECHM,1635.4000244140625,1614.800048828125,1636.0289804521512,Linear Regression
2025-07-09,TECHM,1614.800048828125,1600.0999755859375,1614.1807694523095,Linear Regression
2025-07-10,TECHM,1600.0999755859375,1602.5,1598.3541742748002,Linear Regression
2025-07-11,TECHM,1602.5,1576.699951171875,1602.0615298465495,Linear Regression
2025-07-14,TECHM,1576.699951171875,1579.0,1573.8007121171931,Linear Regression
2025-07-15,TECHM,1579.0,1607.9000244140625,1580.4346688513529,Linear Regression
2025-07-16,TECHM,1607.9000244140625,1563.699951171875,1607.3879506430803,Linear Regression
2025-07-17,TECHM,1563.699951171875,1548.9000244140625,1563.8888320693072,Linear Regression
2025-07-18,TECHM,1548.9000244140625,1543.800048828125,1545.8695733722861,Linear Regression
2025-07-21,TECHM,1543.800048828125,1547.199951171875,1540.968701434224,Linear Regression
2025-07-22,TECHM,1547.199951171875,1546.5999755859375,1544.7901782040017,Linear Regression
2025-07-23,TECHM,1546.5999755859375,1498.5999755859375,1543.1598505699017,Linear Regression
2025-07-24,TECHM,1498.5999755859375,1461.9000244140625,1497.211662871728,Linear Regression
2025-07-25,TECHM,1461.9000244140625,1450.5999755859375,1461.077312800704,Linear Regression
2025-07-28,TECHM,1450.5999755859375,1453.800048828125,1447.8449953869058,Linear Regression
2025-07-29,TECHM,1453.800048828125,1463.199951171875,1449.9757055029654,Linear Regression
2025-07-30,TECHM,1463.199951171875,1463.699951171875,1460.6759973035205,Linear Regression
2025-07-31,TECHM,1463.699951171875,1438.800048828125,1462.5951319043384,Linear Regression
2025-08-01,TECHM,1438.800048828125,1475.0,1435.995013244853,Linear Regression
2025-08-04,TECHM,1475.0,1485.4000244140625,1472.559784853745,Linear Regression
2025-08-05,TECHM,1485.4000244140625,1459.0,1482.5772325997095,Linear Regression
2025-08-06,TECHM,1459.0,1482.0,1456.873468383245,Linear Regression
2025-08-07,TECHM,1482.0,1480.4000244140625,1482.2084614524979,Linear Regression
2025-08-08,TECHM,1480.4000244140625,1481.0999755859375,1481.4593076728615,Linear Regression
2025-08-11,TECHM,1481.0999755859375,1509.300048828125,1485.7604210655445,Linear Regression
2025-08-12,TECHM,1509.300048828125,1506.300048828125,1509.8845366792134,Linear Regression
2025-08-13,TECHM,1506.300048828125,1486.699951171875,1505.197561240091,Linear Regression
2025-08-14,TECHM,1486.699951171875,1471.199951171875,1489.5404285202521,Linear Regression
2025-08-18,TECHM,1471.199951171875,1496.699951171875,1470.6321300756713,Linear Regression
2025-08-19,TECHM,1496.699951171875,1524.0999755859375,1496.5793912437766,Linear Regression
2025-08-20,TECHM,1524.0999755859375,1521.300048828125,1526.2477579302818,Linear Regression
2025-08-21,TECHM,1521.300048828125,1505.0,1520.4282318277305,Linear Regression
2025-08-22,TECHM,1505.0,1527.0999755859375,1504.6007950018288,Linear Regression
2025-08-25,TECHM,1527.0999755859375,1502.199951171875,1528.0601202318076,Linear Regression
2025-08-26,TECHM,1502.199951171875,1495.5999755859375,1502.6503003721268,Linear Regression
2025-08-28,TECHM,1495.5999755859375,1481.4000244140625,1495.2001094184511,Linear Regression
2025-08-29,TECHM,1481.4000244140625,1505.5,1481.7241349361084,Linear Regression
2025-09-01,TECHM,1505.5,1512.800048828125,1506.6287687672216,Linear Regression
2025-09-02,TECHM,1512.800048828125,1508.199951171875,1513.8062963380116,Linear Regression
2025-09-03,TECHM,1508.199951171875,1500.4000244140625,1507.2833372076752,Linear Regression
2025-09-04,TECHM,1500.4000244140625,1477.9000244140625,1500.3842060675502,Linear Regression
2025-09-05,TECHM,1477.9000244140625,1460.699951171875,1477.693118138041,Linear Regression
2025-09-08,TECHM,1460.699951171875,1498.199951171875,1461.4195636658578,Linear Regression
2025-09-09,TECHM,1498.199951171875,1526.0,1499.155811288304,Linear Regression
2025-09-10,TECHM,1526.0,1521.199951171875,1528.1054087051434,Linear Regression
2025-09-11,TECHM,1521.199951171875,1525.5,1520.2001285746483,Linear Regression
2025-09-12,TECHM,1525.5,1519.800048828125,1523.8554631373468,Linear Regression
2025-09-15,TECHM,1519.800048828125,1531.5,1517.9119541547057,Linear Regression
2025-09-16,TECHM,1531.5,1547.199951171875,1530.3226271540461,Linear Regression
2025-09-17,TECHM,1547.199951171875,1550.699951171875,1545.6575447599157,Linear Regression
2025-09-18,TECHM,1550.699951171875,1553.800048828125,1550.6686628858884,Linear Regression
2025-09-19,TECHM,1553.800048828125,1505.4000244140625,1552.1895350741838,Linear Regression
2025-09-22,TECHM,1505.4000244140625,1471.9000244140625,1499.4553329514174,Linear Regression
2025-09-23,TECHM,1471.9000244140625,1452.4000244140625,1471.4926509410589,Linear Regression
2025-09-24,TECHM,1452.4000244140625,1444.300048828125,1449.8712971731852,Linear Regression
2025-09-25,TECHM,1444.300048828125,1407.699951171875,1443.5184214416904,Linear Regression
2025-09-26,TECHM,1407.699951171875,1410.699951171875,1406.2208956722075,Linear Regression
2025-09-29,TECHM,1410.699951171875,1400.300048828125,1407.9260765876402,Linear Regression
2025-09-30,TECHM,1400.300048828125,1416.0,1400.2529074043368,Linear Regression
2025-10-01,TECHM,1416.0,1400.5999755859375,1414.5178909401284,Linear Regression
2025-10-03,TECHM,1400.5999755859375,1439.300048828125,1397.9035671882993,Linear Regression
2025-10-06,TECHM,1439.300048828125,1438.9000244140625,1437.3724706859775,Linear Regression
2025-10-07,TECHM,1438.9000244140625,1458.199951171875,1436.0386710111143,Linear Regression
2025-10-08,TECHM,1458.199951171875,1466.5999755859375,1459.444525601235,Linear Regression
2025-10-09,TECHM,1466.5999755859375,1457.199951171875,1465.3895315088303,Linear Regression
2025-10-10,TECHM,1457.199951171875,1450.9000244140625,1454.833044769036,Linear Regression
2025-10-13,TECHM,1450.9000244140625,1468.0,1448.6308882777244,Linear Regression
2025-10-14,TECHM,1468.0,1459.0,1468.044629362681,Linear Regression
2025-10-15,TECHM,1459.0,1463.800048828125,1456.5955078058068,Linear Regression
2025-10-16,TECHM,1463.800048828125,1447.5999755859375,1460.5427223171364,Linear Regression
2025-10-17,TECHM,1447.5999755859375,1444.4000244140625,1445.90867099847,Linear Regression
2025-10-20,TECHM,1444.4000244140625,1448.699951171875,1445.3905028570275,Linear Regression
2025-10-21,TECHM,1448.699951171875,1463.4000244140625,1448.9054536081753,Linear Regression
2025-10-23,TECHM,1463.4000244140625,1453.699951171875,1466.1621073193228,Linear Regression
2025-10-24,TECHM,1453.699951171875,1462.800048828125,1453.5053573495534,Linear Regression
2025-10-27,TECHM,1462.800048828125,1447.4000244140625,1464.5829877439878,Linear Regression
2025-10-28,TECHM,1447.4000244140625,1452.199951171875,1446.1500510249593,Linear Regression
2025-10-29,TECHM,1452.199951171875,1433.800048828125,1452.0242508033389,Linear Regression
2025-10-30,TECHM,1433.800048828125,1424.4000244140625,1434.4055477012498,Linear Regression
2025-10-31,TECHM,1424.4000244140625,1419.800048828125,1424.2001367143994,Linear Regression
2025-11-03,TECHM,1419.800048828125,1409.199951171875,1419.3212188681468,Linear Regression
2025-11-04,TECHM,1409.199951171875,1413.5999755859375,1409.4366879179615,Linear Regression
2025-11-06,TECHM,1413.5999755859375,1386.699951171875,1413.6693210315257,Linear Regression
2025-11-07,TECHM,1386.699951171875,1397.800048828125,1387.630478952457,Linear Regression
2025-11-10,TECHM,1397.800048828125,1408.0,1397.6283430949702,Linear Regression
2025-11-11,TECHM,1408.0,1456.0999755859375,1405.868939741215,Linear Regression
2025-11-12,TECHM,1456.0999755859375,1451.4000244140625,1457.336378432542,Linear Regression
2025-11-13,TECHM,1451.4000244140625,1439.199951171875,1450.2042351129307,Linear Regression
2025-11-14,TECHM,1439.199951171875,1452.800048828125,1437.1258344132352,Linear Regression
2025-11-17,TECHM,1452.800048828125,1422.0,1453.0750792761596,Linear Regression
2025-11-18,TECHM,1422.0,1433.9000244140625,1422.7376314949838,Linear Regression
2025-11-19,TECHM,1433.9000244140625,1456.0,1432.9008446266034,Linear Regression
2025-11-20,TECHM,1456.0,1461.5,1455.5290853045258,Linear Regression
2025-11-21,TECHM,1461.5,1494.699951171875,1460.6387766174366,Linear Regression
2025-11-24,TECHM,1494.699951171875,1494.699951171875,1496.3492368409693,Linear Regression
2025-11-25,TECHM,1494.699951171875,1520.4000244140625,1493.1461799969743,Linear Regression
2025-11-26,TECHM,1520.4000244140625,1509.800048828125,1520.7250739794276,Linear Regression
2025-11-27,TECHM,1509.800048828125,1517.300048828125,1510.1969207269535,Linear Regression
2025-11-28,TECHM,1517.300048828125,1529.5,1516.2692857341754,Linear Regression
2025-12-01,TECHM,1529.5,1536.699951171875,1528.4654076172037,Linear Regression
2025-12-02,TECHM,1536.699951171875,1541.699951171875,1535.608903929798,Linear Regression
2025-12-03,TECHM,1541.699951171875,1562.300048828125,1540.6996558146507,Linear Regression
2025-12-04,TECHM,1562.300048828125,1570.800048828125,1563.2480207741219,Linear Regression
2025-12-05,TECHM,1570.800048828125,1591.800048828125,1569.8977657390164,Linear Regression
2025-12-08,TECHM,1591.800048828125,1561.5999755859375,1589.6970658993991,Linear Regression
2025-12-09,TECHM,1561.5999755859375,1550.800048828125,1560.9881653675852,Linear Regression
2025-12-10,TECHM,1550.800048828125,1568.199951171875,1550.6776516199939,Linear Regression
2025-12-11,TECHM,1568.199951171875,1578.4000244140625,1566.663293451164,Linear Regression
2025-12-12,TECHM,1578.4000244140625,1575.4000244140625,1575.2975321236768,Linear Regression
2025-12-15,TECHM,1575.4000244140625,1578.199951171875,1575.7152274210794,Linear Regression
2025-12-16,TECHM,1578.199951171875,1579.4000244140625,1576.6301966406058,Linear Regression
2025-12-17,TECHM,1579.4000244140625,1605.5999755859375,1578.2911601437054,Linear Regression
2025-12-18,TECHM,1605.5999755859375,1612.5,1604.9116912463332,Linear Regression
2025-12-19,TECHM,1612.5,1646.699951171875,1611.3502033532632,Linear Regression
2025-12-22,TECHM,1646.699951171875,1633.0,1646.579560928736,Linear Regression
2025-12-23,TECHM,1633.0,1631.5,1631.2038039202016,Linear Regression
2025-12-24,TECHM,1631.5,1612.300048828125,1629.1686192084449,Linear Regression
2025-12-26,TECHM,1612.300048828125,1612.4000244140625,1611.355425781062,Linear Regression
2025-12-29,TECHM,1612.4000244140625,1604.5999755859375,1613.4220385124195,Linear Regression
2025-12-30,TECHM,1604.5999755859375,1590.9000244140625,1602.6966868816835,Linear Regression
2023-12-15,WIPRO,223.2749938964844,222.625,221.09081634605957,Gradient Boosting
2023-12-18,WIPRO,222.625,219.3500061035156,221.05712938786877,Gradient Boosting
2023-12-19,WIPRO,219.3500061035156,215.9750061035156,216.48560196548246,Gradient Boosting
2023-12-20,WIPRO,215.9750061035156,217.0,214.7737180885533,Gradient Boosting
2023-12-21,WIPRO,217.0,231.3249969482422,215.97932165122572,Gradient Boosting
2023-12-22,WIPRO,231.3249969482422,235.0500030517578,226.2950357963093,Gradient Boosting
2023-12-26,WIPRO,235.0500030517578,235.4750061035156,234.99669447450114,Gradient Boosting
2023-12-27,WIPRO,235.4750061035156,234.7250061035156,234.91698577230366,Gradient Boosting
2023-12-28,WIPRO,234.7250061035156,235.6499938964844,236.45715854486562,Gradient Boosting
2023-12-29,WIPRO,235.6499938964844,238.5749969482422,236.63989155753202,Gradient Boosting
2024-01-01,WIPRO,238.5749969482422,234.6000061035156,237.36899819073363,Gradient Boosting
2024-01-02,WIPRO,234.6000061035156,227.9499969482422,236.49124035417927,Gradient Boosting
2024-01-03,WIPRO,227.9499969482422,226.1999969482422,226.86824662877527,Gradient Boosting
2024-01-04,WIPRO,226.1999969482422,228.3000030517578,226.9778503943812,Gradient Boosting
2024-01-05,WIPRO,228.3000030517578,225.1750030517578,227.81753282750316,Gradient Boosting
2024-01-08,WIPRO,225.1750030517578,225.375,222.5129633510624,Gradient Boosting
2024-01-09,WIPRO,225.375,226.8000030517578,227.48776886953885,Gradient Boosting
2024-01-10,WIPRO,226.8000030517578,224.1000061035156,227.49941504142762,Gradient Boosting
2024-01-11,WIPRO,224.1000061035156,232.7250061035156,222.5129633510624,Gradient Boosting
2024-01-12,WIPRO,232.7250061035156,247.3000030517578,231.54081912286992,Gradient Boosting
2024-01-15,WIPRO,247.3000030517578,242.5,249.6383696687463,Gradient Boosting
2024-01-16,WIPRO,242.5,241.1999969482422,239.54185429572993,Gradient Boosting
2024-01-17,WIPRO,241.1999969482422,241.3249969482422,240.55866010223482,Gradient Boosting
2024-01-18,WIPRO,241.3249969482422,242.5249938964844,240.66064982979904,Gradient Boosting
2024-01-19,WIPRO,242.5249938964844,234.9499969482422,244.63789049800965,Gradient Boosting
2024-01-23,WIPRO,234.9499969482422,239.0249938964844,237.0386677675339,Gradient Boosting
2024-01-24,WIPRO,239.0249938964844,235.0,237.63067615638408,Gradient Boosting
2024-01-25,WIPRO,235.0,236.5,237.14434196570082,Gradient Boosting
2024-01-29,WIPRO,236.5,236.25,236.72872820423945,Gradient Boosting
2024-01-30,WIPRO,236.25,239.0749969482422,237.65459556809316,Gradient Boosting
2024-01-31,WIPRO,239.0749969482422,235.6750030517578,237.63067615638408,Gradient Boosting
2024-02-01,WIPRO,235.6750030517578,241.5749969482422,237.14434196570082,Gradient Boosting
2024-02-02,WIPRO,241.5749969482422,241.1750030517578,240.9541803533631,Gradient Boosting
2024-02-05,WIPRO,241.1750030517578,249.8249969482422,240.43484528554845,Gradient Boosting
2024-02-06,WIPRO,249.8249969482422,247.6000061035156,247.1962343550482,Gradient Boosting
2024-02-07,WIPRO,247.6000061035156,244.4250030517578,248.2976016090607,Gradient Boosting
2024-02-08,WIPRO,244.4250030517578,245.2250061035156,245.84085897619937,Gradient Boosting
2024-02-09,WIPRO,245.2250061035156,250.7250061035156,246.3434556932404,Gradient Boosting
2024-02-12,WIPRO,250.7250061035156,255.8000030517578,249.18401148632432,Gradient Boosting
2024-02-13,WIPRO,255.8000030517578,257.25,255.4420322202493,Gradient Boosting
2024-02-14,WIPRO,257.25,259.25,258.0677944139659,Gradient Boosting
2024-02-15,WIPRO,259.25,271.5,258.3179947107135,Gradient Boosting
2024-02-16,WIPRO,271.5,267.9750061035156,272.25228200850665,Gradient Boosting
2024-02-19,WIPRO,267.9750061035156,265.9750061035156,267.5347440875834,Gradient Boosting
2024-02-20,WIPRO,265.9750061035156,260.70001220703125,266.1225877754926,Gradient Boosting
2024-02-21,WIPRO,260.70001220703125,265.5249938964844,265.55353720476415,Gradient Boosting
2024-02-22,WIPRO,265.5249938964844,268.07501220703125,266.5724606465999,Gradient Boosting
2024-02-23,WIPRO,268.07501220703125,266.45001220703125,266.6948229259926,Gradient Boosting
2024-02-26,WIPRO,266.45001220703125,265.7250061035156,266.4855374190705,Gradient Boosting
2024-02-27,WIPRO,265.7250061035156,258.8500061035156,266.37986322090353,Gradient Boosting
2024-02-28,WIPRO,258.8500061035156,259.29998779296875,265.49882512785723,Gradient Boosting
2024-02-29,WIPRO,259.29998779296875,259.54998779296875,258.26328263380657,Gradient Boosting
2024-03-01,WIPRO,259.54998779296875,260.25,260.13732510687134,Gradient Boosting
2024-03-04,WIPRO,260.25,256.6499938964844,260.01289861131613,Gradient Boosting
2024-03-05,WIPRO,256.6499938964844,256.57501220703125,257.23746196991914,Gradient Boosting
2024-03-06,WIPRO,256.57501220703125,257.75,257.7450092071833,Gradient Boosting
2024-03-07,WIPRO,257.75,257.2749938964844,257.946203160327,Gradient Boosting
2024-03-11,WIPRO,257.2749938964844,255.4250030517578,257.86490233516355,Gradient Boosting
2024-03-12,WIPRO,255.4250030517578,252.1999969482422,253.71021747143897,Gradient Boosting
2024-03-13,WIPRO,252.1999969482422,258.9750061035156,247.38364960158208,Gradient Boosting
2024-03-14,WIPRO,258.9750061035156,258.5,257.1351254008132,Gradient Boosting
2024-03-15,WIPRO,258.5,255.1000061035156,257.0428102746888,Gradient Boosting
2024-03-18,WIPRO,255.1000061035156,247.4250030517578,250.79975209068107,Gradient Boosting
2024-03-19,WIPRO,247.4250030517578,246.75,247.38364960158208,Gradient Boosting
2024-03-20,WIPRO,246.75,250.2250061035156,247.9808251047531,Gradient Boosting
2024-03-21,WIPRO,250.2250061035156,243.5500030517578,248.22635844351407,Gradient Boosting
2024-03-22,WIPRO,243.5500030517578,239.9250030517578,238.83970614705376,Gradient Boosting
2024-03-26,WIPRO,239.9250030517578,236.1499938964844,236.3360641563891,Gradient Boosting
2024-03-27,WIPRO,236.1499938964844,240.0500030517578,236.3360641563891,Gradient Boosting
2024-03-28,WIPRO,240.0500030517578,242.4750061035156,237.1787729983211,Gradient Boosting
2024-04-01,WIPRO,242.4750061035156,240.6000061035156,241.531193549673,Gradient Boosting
2024-04-02,WIPRO,240.6000061035156,241.6000061035156,236.39470580073504,Gradient Boosting
2024-04-03,WIPRO,241.6000061035156,243.6999969482422,239.57810103812017,Gradient Boosting
2024-04-04,WIPRO,243.6999969482422,242.5249938964844,239.66060087584478,Gradient Boosting
2024-04-05,WIPRO,242.5249938964844,239.9499969482422,241.1799860127451,Gradient Boosting
2024-04-08,WIPRO,239.9499969482422,237.8999938964844,236.2303899582222,Gradient Boosting
2024-04-09,WIPRO,237.8999938964844,238.6499938964844,236.3360641563891,Gradient Boosting
2024-04-10,WIPRO,238.6499938964844,235.375,236.88477322144357,Gradient Boosting
2024-04-12,WIPRO,235.375,229.6750030517578,236.2303899582222,Gradient Boosting
2024-04-15,WIPRO,229.6750030517578,224.1750030517578,226.74883461207187,Gradient Boosting
2024-04-16,WIPRO,224.1750030517578,222.1750030517578,222.33094304121025,Gradient Boosting
2024-04-18,WIPRO,222.1750030517578,226.375,220.7319523633499,Gradient Boosting
2024-04-19,WIPRO,226.375,231.0,225.0037469022951,Gradient Boosting
2024-04-22,WIPRO,231.0,231.0500030517578,227.71118485303964,Gradient Boosting
2024-04-23,WIPRO,231.0500030517578,229.9499969482422,227.18877699349105,Gradient Boosting
2024-04-24,WIPRO,229.9499969482422,230.5,227.08678726592683,Gradient Boosting
2024-04-25,WIPRO,230.5,232.3000030517578,227.08310279532412,Gradient Boosting
2024-04-26,WIPRO,232.3000030517578,231.4750061035156,229.72604143712488,Gradient Boosting
2024-04-29,WIPRO,231.4750061035156,231.1999969482422,227.08678726592683,Gradient Boosting
2024-04-30,WIPRO,231.1999969482422,228.6999969482422,226.52571858333928,Gradient Boosting
2024-05-02,WIPRO,228.6999969482422,228.6750030517578,226.03421727833518,Gradient Boosting
2024-05-03,WIPRO,228.6750030517578,229.3249969482422,226.74421577709245,Gradient Boosting
2024-05-06,WIPRO,229.3249969482422,231.9499969482422,226.74421577709245,Gradient Boosting
2024-05-07,WIPRO,231.9499969482422,231.6000061035156,229.71521439758988,Gradient Boosting
2024-05-08,WIPRO,231.6000061035156,227.9499969482422,226.68601922423886,Gradient Boosting
2024-05-09,WIPRO,227.9499969482422,225.9250030517578,226.13980584232783,Gradient Boosting
2024-05-10,WIPRO,225.9250030517578,225.9750061035156,226.13980584232783,Gradient Boosting
2024-05-13,WIPRO,225.9750061035156,228.1750030517578,226.74421577709245,Gradient Boosting
2024-05-14,WIPRO,228.1750030517578,229.1499938964844,227.03821555397,Gradient Boosting
2024-05-15,WIPRO,229.1499938964844,232.2250061035156,226.74421577709245,Gradient Boosting
2024-05-16,WIPRO,232.2250061035156,230.5,229.71521439758988,Gradient Boosting
2024-05-17,WIPRO,230.5,230.4499969482422,226.19853312084803,Gradient Boosting
2024-05-21,WIPRO,230.4499969482422,230.6499938964844,226.7084515960057,Gradient Boosting
2024-05-22,WIPRO,230.6499938964844,232.8999938964844,226.81404015999834,Gradient Boosting
2024-05-23,WIPRO,232.8999938964844,231.8249969482422,229.71521439758988,Gradient Boosting
2024-05-24,WIPRO,231.8249969482422,226.2250061035156,229.2742457891327,Gradient Boosting
2024-05-27,WIPRO,226.2250061035156,228.0249938964844,225.84453145232322,Gradient Boosting
2024-05-28,WIPRO,228.0249938964844,225.3999938964844,226.74421577709245,Gradient Boosting
2024-05-29,WIPRO,225.3999938964844,218.4750061035156,226.06998145942194,Gradient Boosting
2024-05-30,WIPRO,218.4750061035156,219.1000061035156,216.50781051151057,Gradient Boosting
2024-05-31,WIPRO,219.1000061035156,222.0500030517578,217.34162382695422,Gradient Boosting
2024-06-03,WIPRO,222.0500030517578,219.0749969482422,219.79308904627672,Gradient Boosting
2024-06-04,WIPRO,219.0749969482422,225.75,215.89659978829474,Gradient Boosting
2024-06-05,WIPRO,225.75,230.5,225.5514827038629,Gradient Boosting
2024-06-06,WIPRO,230.5,242.2749938964844,227.20457583438298,Gradient Boosting
2024-06-07,WIPRO,242.2749938964844,237.625,240.41169948116087,Gradient Boosting
2024-06-10,WIPRO,237.625,238.0249938964844,236.61903746420003,Gradient Boosting
2024-06-11,WIPRO,238.0249938964844,238.4499969482422,237.29327178187054,Gradient Boosting
2024-06-12,WIPRO,238.4499969482422,241.3000030517578,237.25750760078378,Gradient Boosting
2024-06-13,WIPRO,241.3000030517578,238.75,240.3862735735916,Gradient Boosting
2024-06-14,WIPRO,238.75,245.9250030517578,236.61903746420003,Gradient Boosting
2024-06-18,WIPRO,245.9250030517578,247.875,245.767242314095,Gradient Boosting
2024-06-19,WIPRO,247.875,245.1999969482422,249.19404603077749,Gradient Boosting
2024-06-20,WIPRO,245.1999969482422,245.2749938964844,248.47674018152279,Gradient Boosting
2024-06-21,WIPRO,245.2749938964844,245.2749938964844,248.96455701592419,Gradient Boosting
2024-06-24,WIPRO,245.2749938964844,248.4250030517578,249.0702312140911,Gradient Boosting
2024-06-25,WIPRO,248.4250030517578,247.6000061035156,249.30951891406173,Gradient Boosting
2024-06-26,WIPRO,247.6000061035156,255.3999938964844,249.0931275825605,Gradient Boosting
2024-06-27,WIPRO,255.3999938964844,257.42498779296875,255.8535880832105,Gradient Boosting
2024-06-28,WIPRO,257.42498779296875,263.67498779296875,258.3179947107135,Gradient Boosting
2024-07-01,WIPRO,263.67498779296875,269.1000061035156,264.5927439753681,Gradient Boosting
2024-07-02,WIPRO,269.1000061035156,269.5,269.19907945357164,Gradient Boosting
2024-07-03,WIPRO,269.5,265.3500061035156,270.5588885648341,Gradient Boosting
2024-07-04,WIPRO,265.3500061035156,267.54998779296875,267.30525507273006,Gradient Boosting
2024-07-05,WIPRO,267.54998779296875,270.6000061035156,266.4855374190705,Gradient Boosting
2024-07-08,WIPRO,270.6000061035156,270.5,270.50356551212343,Gradient Boosting
2024-07-09,WIPRO,270.5,267.7749938964844,270.5588885648341,Gradient Boosting
2024-07-10,WIPRO,267.7749938964844,267.04998779296875,266.22207259162616,Gradient Boosting
2024-07-11,WIPRO,267.04998779296875,280.07501220703125,266.7135738966302,Gradient Boosting
2024-07-12,WIPRO,280.07501220703125,279.8500061035156,278.9810848366571,Gradient Boosting
2024-07-15,WIPRO,279.8500061035156,279.8500061035156,278.4399759901823,Gradient Boosting
2024-07-16,WIPRO,279.8500061035156,286.6000061035156,278.4399759901823,Gradient Boosting
2024-07-18,WIPRO,286.6000061035156,278.6000061035156,283.8707465515373,Gradient Boosting
2024-07-19,WIPRO,278.6000061035156,252.8999938964844,279.83592990762025,Gradient Boosting
2024-07-22,WIPRO,252.8999938964844,250.2749938964844,248.27420263987244,Gradient Boosting
2024-07-23,WIPRO,250.2749938964844,250.0500030517578,248.50514069399034,Gradient Boosting
2024-07-24,WIPRO,250.0500030517578,253.4250030517578,249.06106396905543,Gradient Boosting
2024-07-25,WIPRO,253.4250030517578,262.3999938964844,249.11836052106904,Gradient Boosting
2024-07-26,WIPRO,262.3999938964844,262.20001220703125,259.5649462967528,Gradient Boosting
2024-07-29,WIPRO,262.20001220703125,260.75,266.859051130643,Gradient Boosting
2024-07-30,WIPRO,260.75,261.0,259.8088548253085,Gradient Boosting
2024-07-31,WIPRO,261.0,260.7749938964844,259.86606258535886,Gradient Boosting
2024-08-01,WIPRO,260.7749938964844,251.0749969482422,259.70318062714153,Gradient Boosting
2024-08-02,WIPRO,251.0749969482422,242.5,248.4638884658844,Gradient Boosting
2024-08-05,WIPRO,242.5,244.75,239.92139405062068,Gradient Boosting
2024-08-06,WIPRO,244.75,248.6999969482422,246.87296628454155,Gradient Boosting
2024-08-07,WIPRO,248.6999969482422,243.6499938964844,249.22403471923596,Gradient Boosting
2024-08-08,WIPRO,243.6499938964844,245.6499938964844,244.02244953551767,Gradient Boosting
2024-08-09,WIPRO,245.6499938964844,244.5249938964844,248.93003494235842,Gradient Boosting
2024-08-12,WIPRO,244.5249938964844,245.25,246.41608454944674,Gradient Boosting
2024-08-13,WIPRO,245.25,247.5749969482422,248.93003494235842,Gradient Boosting
2024-08-14,WIPRO,247.5749969482422,258.125,249.11836052106904,Gradient Boosting
2024-08-16,WIPRO,258.125,259.875,258.4813130973135,Gradient Boosting
2024-08-19,WIPRO,259.875,262.32501220703125,257.9920201122941,Gradient Boosting
2024-08-20,WIPRO,262.32501220703125,263.17498779296875,260.3344003041009,Gradient Boosting
2024-08-21,WIPRO,263.17498779296875,259.5,259.49327668967265,Gradient Boosting
2024-08-22,WIPRO,259.5,256.20001220703125,264.482396554747,Gradient Boosting
2024-08-23,WIPRO,256.20001220703125,260.0,256.49695104249827,Gradient Boosting
2024-08-26,WIPRO,260.0,258.57501220703125,259.3629929839706,Gradient Boosting
2024-08-27,WIPRO,258.57501220703125,267.29998779296875,259.2428273461729,Gradient Boosting
2024-08-28,WIPRO,267.29998779296875,269.3500061035156,266.2294073928169,Gradient Boosting
2024-08-29,WIPRO,269.3500061035156,269.20001220703125,268.6966078295212,Gradient Boosting
2024-08-30,WIPRO,269.20001220703125,266.2250061035156,267.35554968889636,Gradient Boosting
2024-09-02,WIPRO,266.2250061035156,268.0249938964844,265.42483371889773,Gradient Boosting
2024-09-03,WIPRO,268.0249938964844,259.57501220703125,265.91633502390175,Gradient Boosting
2024-09-04,WIPRO,259.57501220703125,262.42498779296875,258.59093976609495,Gradient Boosting
2024-09-05,WIPRO,262.42498779296875,260.29998779296875,260.3344003041009,Gradient Boosting
2024-09-06,WIPRO,260.29998779296875,257.42498779296875,264.61094821617314,Gradient Boosting
2024-09-09,WIPRO,257.42498779296875,262.875,256.55130896968467,Gradient Boosting
2024-09-10,WIPRO,262.875,257.17498779296875,257.7608695210443,Gradient Boosting
2024-09-11,WIPRO,257.17498779296875,265.0249938964844,256.55130896968467,Gradient Boosting
2024-09-12,WIPRO,265.0249938964844,275.29998779296875,266.10498089726167,Gradient Boosting
2024-09-13,WIPRO,275.29998779296875,275.95001220703125,275.4840249659984,Gradient Boosting
2024-09-16,WIPRO,275.95001220703125,275.95001220703125,277.5482127188979,Gradient Boosting
2024-09-17,WIPRO,275.95001220703125,269.07501220703125,275.7523522853925,Gradient Boosting
2024-09-18,WIPRO,269.07501220703125,266.67498779296875,268.4415163485761,Gradient Boosting
2024-09-19,WIPRO,266.67498779296875,269.54998779296875,270.2568403837694,Gradient Boosting
2024-09-20,WIPRO,269.54998779296875,267.45001220703125,269.33252861753743,Gradient Boosting
2024-09-23,WIPRO,267.45001220703125,269.7749938964844,266.17148568059014,Gradient Boosting
2024-09-24,WIPRO,269.7749938964844,268.1000061035156,269.29214544821394,Gradient Boosting
2024-09-25,WIPRO,268.1000061035156,270.95001220703125,265.7371964514396,Gradient Boosting
2024-09-26,WIPRO,270.95001220703125,270.8999938964844,269.9232341190301,Gradient Boosting
2024-09-27,WIPRO,270.8999938964844,270.7250061035156,275.86473726436674,Gradient Boosting
2024-09-30,WIPRO,270.7250061035156,273.375,270.9517031964764,Gradient Boosting
2024-10-01,WIPRO,273.375,265.07501220703125,271.1478549793877,Gradient Boosting
2024-10-03,WIPRO,265.07501220703125,266.7749938964844,265.1400209482686,Gradient Boosting
2024-10-04,WIPRO,266.7749938964844,265.7250061035156,265.59036042548234,Gradient Boosting
2024-10-07,WIPRO,265.7250061035156,263.4750061035156,265.59036042548234,Gradient Boosting
2024-10-08,WIPRO,263.4750061035156,265.57501220703125,264.7651484447517,Gradient Boosting
2024-10-09,WIPRO,265.57501220703125,262.5,265.3623239479227,Gradient Boosting
2024-10-10,WIPRO,262.5,264.1499938964844,265.4646367547436,Gradient Boosting
2024-10-11,WIPRO,264.1499938964844,274.7749938964844,265.3623239479227,Gradient Boosting
2024-10-14,WIPRO,274.7749938964844,266.4750061035156,274.94951052487215,Gradient Boosting
2024-10-15,WIPRO,266.4750061035156,266.07501220703125,269.6890905258943,Gradient Boosting
2024-10-16,WIPRO,266.07501220703125,264.375,265.3623239479227,Gradient Boosting
2024-10-17,WIPRO,264.375,274.32501220703125,265.2566497497557,Gradient Boosting
2024-10-18,WIPRO,274.32501220703125,274.04998779296875,277.02213728345356,Gradient Boosting
2024-10-21,WIPRO,274.04998779296875,272.7250061035156,276.5501311767582,Gradient Boosting
2024-10-22,WIPRO,272.7250061035156,273.6000061035156,274.9334093157149,Gradient Boosting
2024-10-23,WIPRO,273.6000061035156,273.45001220703125,274.93402099458376,Gradient Boosting
2024-10-24,WIPRO,273.45001220703125,271.7250061035156,272.80309518978675,Gradient Boosting
2024-10-25,WIPRO,271.7250061035156,279.29998779296875,274.80959449902855,Gradient Boosting
2024-10-28,WIPRO,279.29998779296875,281.1000061035156,277.99369062824576,Gradient Boosting
2024-10-29,WIPRO,281.1000061035156,282.625,280.1847816830788,Gradient Boosting
2024-10-30,WIPRO,282.625,275.8999938964844,281.84274789066745,Gradient Boosting
2024-10-31,WIPRO,275.8999938964844,275.67498779296875,277.89376260827135,Gradient Boosting
2024-11-01,WIPRO,275.67498779296875,270.3999938964844,274.80959449902855,Gradient Boosting
2024-11-04,WIPRO,270.3999938964844,271.8500061035156,273.0601343986598,Gradient Boosting
2024-11-05,WIPRO,271.8500061035156,281.95001220703125,271.5320345895697,Gradient Boosting
2024-11-06,WIPRO,281.95001220703125,281.70001220703125,280.7258905295536,Gradient Boosting
2024-11-07,WIPRO,281.70001220703125,284.5,280.1300696061719,Gradient Boosting
2024-11-08,WIPRO,284.5,286.75,285.1508835587032,Gradient Boosting
2024-11-11,WIPRO,286.75,285.32501220703125,285.6531379279305,Gradient Boosting
2024-11-12,WIPRO,285.32501220703125,284.5,285.1696345293408,Gradient Boosting
2024-11-13,WIPRO,284.5,283.3500061035156,283.35128204667825,Gradient Boosting
2024-11-14,WIPRO,283.3500061035156,276.42498779296875,280.1847816830788,Gradient Boosting
2024-11-18,WIPRO,276.42498779296875,281.0,276.93649449549855,Gradient Boosting
2024-11-19,WIPRO,281.0,278.57501220703125,279.56694702195966,Gradient Boosting
2024-11-21,WIPRO,278.57501220703125,285.82501220703125,277.04216869366553,Gradient Boosting
2024-11-22,WIPRO,285.82501220703125,291.2250061035156,282.80691175985424,Gradient Boosting
2024-11-25,WIPRO,291.2250061035156,294.5,287.6209314004393,Gradient Boosting
2024-11-26,WIPRO,294.5,291.45001220703125,292.53245219475497,Gradient Boosting
2024-11-27,WIPRO,291.45001220703125,286.1000061035156,287.50643211687685,Gradient Boosting
2024-11-28,WIPRO,286.1000061035156,288.92498779296875,284.402166657371,Gradient Boosting
2024-11-29,WIPRO,288.92498779296875,292.2749938964844,287.60217910305107,Gradient Boosting
2024-12-02,WIPRO,292.2749938964844,291.6499938964844,292.3023515010328,Gradient Boosting
2024-12-03,WIPRO,291.6499938964844,294.0,287.71312065125176,Gradient Boosting
2024-12-04,WIPRO,294.0,299.29998779296875,294.5412709943127,Gradient Boosting
2024-12-05,WIPRO,299.29998779296875,297.3500061035156,295.2956441778933,Gradient Boosting
2024-12-06,WIPRO,297.3500061035156,303.75,296.11536183683205,Gradient Boosting
2024-12-09,WIPRO,303.75,308.1000061035156,301.5267431848971,Gradient Boosting
2024-12-10,WIPRO,308.1000061035156,309.0,308.1840172368905,Gradient Boosting
2024-12-11,WIPRO,309.0,309.1000061035156,308.8765909052686,Gradient Boosting
2024-12-12,WIPRO,309.1000061035156,309.95001220703125,308.7709167071016,Gradient Boosting
2024-12-13,WIPRO,309.95001220703125,309.20001220703125,308.8765909052686,Gradient Boosting
2024-12-16,WIPRO,309.20001220703125,308.8500061035156,308.8765909052686,Gradient Boosting
2024-12-17,WIPRO,308.8500061035156,312.6000061035156,308.7709167071016,Gradient Boosting
2024-12-18,WIPRO,312.6000061035156,312.75,309.42312927361195,Gradient Boosting
2024-12-19,WIPRO,312.75,305.20001220703125,308.82738302379124,Gradient Boosting
2024-12-20,WIPRO,305.20001220703125,307.8999938964844,311.2318241042561,Gradient Boosting
2024-12-23,WIPRO,307.8999938964844,305.29998779296875,308.2852680452527,Gradient Boosting
2024-12-24,WIPRO,305.29998779296875,305.04998779296875,305.886869086796,Gradient Boosting
2024-12-26,WIPRO,305.04998779296875,309.1000061035156,303.19103573626427,Gradient Boosting
2024-12-27,WIPRO,309.1000061035156,303.70001220703125,308.1840172368905,Gradient Boosting
2024-12-30,WIPRO,303.70001220703125,301.8500061035156,305.94078907745256,Gradient Boosting
2024-12-31,WIPRO,301.8500061035156,300.29998779296875,298.1023099359085,Gradient Boosting
2025-01-01,WIPRO,300.29998779296875,303.79998779296875,298.3351867230721,Gradient Boosting
2025-01-02,WIPRO,303.79998779296875,294.45001220703125,303.1501013007061,Gradient Boosting
2025-01-03,WIPRO,294.45001220703125,294.29998779296875,295.2907377940415,Gradient Boosting
2025-01-06,WIPRO,294.29998779296875,294.04998779296875,292.73767403503143,Gradient Boosting
2025-01-07,WIPRO,294.04998779296875,297.54998779296875,294.82353501933164,Gradient Boosting
2025-01-08,WIPRO,297.54998779296875,292.29998779296875,292.52105828866377,Gradient Boosting
2025-01-09,WIPRO,292.29998779296875,300.54998779296875,294.22581018525585,Gradient Boosting
2025-01-10,WIPRO,300.54998779296875,291.8500061035156,296.74916568586696,Gradient Boosting
2025-01-13,WIPRO,291.8500061035156,292.8500061035156,287.72887374915524,Gradient Boosting
2025-01-14,WIPRO,292.8500061035156,292.6499938964844,292.37942298422746,Gradient Boosting
2025-01-15,WIPRO,292.6499938964844,288.04998779296875,292.37942298422746,Gradient Boosting
2025-01-16,WIPRO,288.04998779296875,281.95001220703125,287.1386104478542,Gradient Boosting
2025-01-17,WIPRO,281.95001220703125,300.25,278.9406194729116,Gradient Boosting
2025-01-20,WIPRO,300.25,298.3500061035156,298.34566605878837,Gradient Boosting
2025-01-21,WIPRO,298.3500061035156,309.1000061035156,298.6460375236534,Gradient Boosting
2025-01-22,WIPRO,309.1000061035156,317.70001220703125,308.39887283352573,Gradient Boosting
2025-01-23,WIPRO,317.70001220703125,320.1000061035156,316.4810222030517,Gradient Boosting
2025-01-24,WIPRO,320.1000061035156,307.95001220703125,319.70327563077393,Gradient Boosting
2025-01-27,WIPRO,307.95001220703125,303.6000061035156,313.873782567167,Gradient Boosting
2025-01-28,WIPRO,303.6000061035156,312.45001220703125,303.3741672452801,Gradient Boosting
2025-01-29,WIPRO,312.45001220703125,309.0,309.0654143076195,Gradient Boosting
2025-01-30,WIPRO,309.0,311.8999938964844,308.5288275497069,Gradient Boosting
2025-01-31,WIPRO,311.8999938964844,304.79998779296875,309.6567371676354,Gradient Boosting
2025-02-01,WIPRO,304.79998779296875,313.6000061035156,306.5310523787536,Gradient Boosting
2025-02-03,WIPRO,313.6000061035156,316.25,309.0654143076195,Gradient Boosting
2025-02-04,WIPRO,316.25,317.1000061035156,316.67209097019963,Gradient Boosting
2025-02-05,WIPRO,317.1000061035156,317.95001220703125,316.67209097019963,Gradient Boosting
2025-02-06,WIPRO,317.95001220703125,318.0,316.42188673633996,Gradient Boosting
2025-02-07,WIPRO,318.0,319.04998779296875,316.67209097019963,Gradient Boosting
2025-02-10,WIPRO,319.04998779296875,313.0,316.29746024078474,Gradient Boosting
2025-02-11,WIPRO,313.0,310.20001220703125,314.2690615197483,Gradient Boosting
2025-02-12,WIPRO,310.20001220703125,308.54998779296875,308.3819915237496,Gradient Boosting
2025-02-13,WIPRO,308.54998779296875,308.1000061035156,309.12655238378267,Gradient Boosting
2025-02-14,WIPRO,308.1000061035156,305.3500061035156,309.12655238378267,Gradient Boosting
2025-02-17,WIPRO,305.3500061035156,312.20001220703125,305.98944520844805,Gradient Boosting
2025-02-18,WIPRO,312.20001220703125,314.1000061035156,308.9409878120643,Gradient Boosting
2025-02-19,WIPRO,314.1000061035156,313.29998779296875,315.01362237978134,Gradient Boosting
2025-02-20,WIPRO,313.29998779296875,306.3500061035156,309.79309385787644,Gradient Boosting
2025-02-21,WIPRO,306.3500061035156,295.04998779296875,308.29217356496383,Gradient Boosting
2025-02-24,WIPRO,295.04998779296875,291.29998779296875,295.2907377940415,Gradient Boosting
2025-02-25,WIPRO,291.29998779296875,294.5,287.33410260480696,Gradient Boosting
2025-02-27,WIPRO,294.5,277.6499938964844,294.6871783290906,Gradient Boosting
2025-02-28,WIPRO,277.6499938964844,283.54998779296875,279.22788727778885,Gradient Boosting
2025-03-03,WIPRO,283.54998779296875,280.0,279.6799796114237,Gradient Boosting
2025-03-04,WIPRO,280.0,285.1000061035156,277.19581378001504,Gradient Boosting
2025-03-05,WIPRO,285.1000061035156,285.8999938964844,282.90119205193,Gradient Boosting
2025-03-06,WIPRO,285.8999938964844,284.79998779296875,284.5231971532493,Gradient Boosting
2025-03-07,WIPRO,284.79998779296875,280.8999938964844,282.7595567474937,Gradient Boosting
2025-03-10,WIPRO,280.8999938964844,277.75,279.1098509084665,Gradient Boosting
2025-03-11,WIPRO,277.75,268.54998779296875,276.5190988962527,Gradient Boosting
2025-03-12,WIPRO,268.54998779296875,264.0,271.00805992246785,Gradient Boosting
2025-03-13,WIPRO,264.0,259.8500061035156,265.81650678673105,Gradient Boosting
2025-03-17,WIPRO,259.8500061035156,259.8500061035156,264.56861909190843,Gradient Boosting
2025-03-18,WIPRO,259.8500061035156,265.70001220703125,259.7979317031283,Gradient Boosting
2025-03-20,WIPRO,268.0,264.29998779296875,267.0953248365013,Gradient Boosting
2025-03-21,WIPRO,264.29998779296875,269.3999938964844,264.99820700787035,Gradient Boosting
2025-03-24,WIPRO,269.3999938964844,271.0,269.21232491417624,Gradient Boosting
2025-03-25,WIPRO,271.0,267.3999938964844,271.0384750645426,Gradient Boosting
2025-03-26,WIPRO,267.3999938964844,272.20001220703125,266.61059232165366,Gradient Boosting
2025-03-27,WIPRO,272.20001220703125,262.25,271.1801103689789,Gradient Boosting
2025-03-28,WIPRO,262.25,262.6000061035156,266.1212239523747,Gradient Boosting
2025-04-01,WIPRO,262.6000061035156,263.6000061035156,260.4750290246835,Gradient Boosting
2025-04-02,WIPRO,263.6000061035156,256.3500061035156,265.7914239988989,Gradient Boosting
2025-04-03,WIPRO,256.3500061035156,246.3000030517578,256.4774993814927,Gradient Boosting
2025-04-04,WIPRO,246.3000030517578,242.8999938964844,247.61670816470075,Gradient Boosting
2025-04-07,WIPRO,242.8999938964844,247.25,236.76276245500011,Gradient Boosting
2025-04-08,WIPRO,247.25,236.6499938964844,248.332032641681,Gradient Boosting
2025-04-09,WIPRO,236.6499938964844,239.75,236.2303899582222,Gradient Boosting
2025-04-11,WIPRO,239.75,244.0,237.1787729983211,Gradient Boosting
2025-04-15,WIPRO,244.0,247.6499938964844,241.531193549673,Gradient Boosting
2025-04-16,WIPRO,247.6499938964844,236.8999938964844,245.67872149512544,Gradient Boosting
2025-04-17,WIPRO,236.8999938964844,238.4499969482422,235.03159933818054,Gradient Boosting
2025-04-21,WIPRO,238.4499969482422,234.1499938964844,236.88477322144357,Gradient Boosting
2025-04-22,WIPRO,234.1499938964844,243.6000061035156,237.18224928197702,Gradient Boosting
2025-04-23,WIPRO,243.6000061035156,242.75,241.32396270966518,Gradient Boosting
2025-04-24,WIPRO,242.75,240.8999938964844,242.19580290698644,Gradient Boosting
2025-04-25,WIPRO,240.8999938964844,240.5,240.1556199102137,Gradient Boosting
2025-04-28,WIPRO,240.5,241.3999938964844,237.71956753894818,Gradient Boosting
2025-04-29,WIPRO,241.3999938964844,241.5,240.47010311567513,Gradient Boosting
2025-04-30,WIPRO,241.5,241.67999267578125,240.72261333979932,Gradient Boosting
2025-05-02,WIPRO,241.67999267578125,243.57000732421875,242.1291958503504,Gradient Boosting
2025-05-05,WIPRO,243.57000732421875,241.19000244140625,244.63789049800965,Gradient Boosting
2025-05-06,WIPRO,241.19000244140625,244.0399932861328,241.4967625170527,Gradient Boosting
2025-05-07,WIPRO,244.0399932861328,241.57000732421875,240.30525167567242,Gradient Boosting
2025-05-08,WIPRO,241.57000732421875,242.009994506836,239.76784539947153,Gradient Boosting
2025-05-09,WIPRO,242.009994506836,257.2799987792969,240.53683501311266,Gradient Boosting
2025-05-12,WIPRO,257.2799987792969,251.57000732421875,258.671390558124,Gradient Boosting
2025-05-13,WIPRO,251.57000732421875,252.94000244140625,248.66497696827014,Gradient Boosting
2025-05-14,WIPRO,252.94000244140625,256.57000732421875,249.20375592393154,Gradient Boosting
2025-05-15,WIPRO,256.57000732421875,254.3099975585937,258.0646359326868,Gradient Boosting
2025-05-16,WIPRO,254.3099975585937,251.75,252.01772876665538,Gradient Boosting
2025-05-19,WIPRO,251.75,249.7100067138672,248.0035351849157,Gradient Boosting
2025-05-20,WIPRO,249.7100067138672,250.9199981689453,247.97170057126795,Gradient Boosting
2025-05-21,WIPRO,250.9199981689453,245.94000244140625,248.30929538631588,Gradient Boosting
2025-05-22,WIPRO,245.94000244140625,247.3600006103516,247.53048562753935,Gradient Boosting
2025-05-23,WIPRO,247.3600006103516,250.2400054931641,248.18486889076073,Gradient Boosting
2025-05-26,WIPRO,250.2400054931641,248.25,248.60329516319342,Gradient Boosting
2025-05-27,WIPRO,248.25,247.42999267578125,247.65903728896544,Gradient Boosting
2025-05-28,WIPRO,247.42999267578125,250.13999938964844,248.12766113071038,Gradient Boosting
2025-05-29,WIPRO,250.13999938964844,249.6699981689453,248.37319446947134,Gradient Boosting
2025-05-30,WIPRO,249.6699981689453,247.67999267578125,247.87515090658619,Gradient Boosting
2025-06-02,WIPRO,247.67999267578125,246.22000122070312,247.6178754611751,Gradient Boosting
2025-06-03,WIPRO,246.22000122070312,246.8600006103516,247.87515090658619,Gradient Boosting
2025-06-04,WIPRO,246.8600006103516,247.94000244140625,248.03803286480345,Gradient Boosting
2025-06-05,WIPRO,247.94000244140625,248.58999633789065,248.03803286480345,Gradient Boosting
2025-06-06,WIPRO,248.58999633789065,251.2899932861328,247.92926618116817,Gradient Boosting
2025-06-09,WIPRO,251.2899932861328,254.8699951171875,248.18741614278468,Gradient Boosting
2025-06-10,WIPRO,254.8699951171875,258.9200134277344,251.49784443371675,Gradient Boosting
2025-06-11,WIPRO,258.9200134277344,259.6099853515625,257.488950510906,Gradient Boosting
2025-06-12,WIPRO,259.6099853515625,260.2099914550781,257.42599263315856,Gradient Boosting
2025-06-13,WIPRO,260.2099914550781,262.8900146484375,257.42599263315856,Gradient Boosting
2025-06-16,WIPRO,262.8900146484375,262.9100036621094,265.6695475757045,Gradient Boosting
2025-06-17,WIPRO,262.9100036621094,261.5899963378906,265.6882985463421,Gradient Boosting
2025-06-18,WIPRO,261.5899963378906,265.5799865722656,265.25871063038016,Gradient Boosting
2025-06-19,WIPRO,265.5799865722656,266.5400085449219,265.6695475757045,Gradient Boosting
2025-06-20,WIPRO,266.5400085449219,263.239990234375,265.6882985463421,Gradient Boosting
2025-06-23,WIPRO,263.239990234375,264.9700012207031,265.19679724133806,Gradient Boosting
2025-06-24,WIPRO,264.9700012207031,269.4100036621094,265.6882985463421,Gradient Boosting
2025-06-25,WIPRO,269.4100036621094,268.5199890136719,268.6597162403642,Gradient Boosting
2025-06-26,WIPRO,268.5199890136719,265.04998779296875,267.126060674043,Gradient Boosting
2025-06-27,WIPRO,265.04998779296875,265.9800109863281,265.42483371889773,Gradient Boosting
2025-06-30,WIPRO,265.9800109863281,264.54998779296875,265.6882985463421,Gradient Boosting
2025-07-01,WIPRO,264.54998779296875,267.0,265.63358646943516,Gradient Boosting
2025-07-02,WIPRO,267.0,267.04998779296875,265.6695475757045,Gradient Boosting
2025-07-03,WIPRO,267.04998779296875,270.04998779296875,265.8616229469948,Gradient Boosting
2025-07-04,WIPRO,270.04998779296875,267.75,268.6597162403642,Gradient Boosting
2025-07-07,WIPRO,267.75,269.6499938964844,265.2456951464356,Gradient Boosting
2025-07-08,WIPRO,269.6499938964844,267.79998779296875,268.5180809359279,Gradient Boosting
2025-07-09,WIPRO,267.79998779296875,265.04998779296875,265.04053613213506,Gradient Boosting
2025-07-10,WIPRO,265.04998779296875,258.29998779296875,264.87082264291865,Gradient Boosting
2025-07-11,WIPRO,258.29998779296875,254.25,258.31967724458246,Gradient Boosting
2025-07-14,WIPRO,254.25,257.3999938964844,250.79975209068107,Gradient Boosting
2025-07-15,WIPRO,257.3999938964844,262.79998779296875,257.3233621875605,Gradient Boosting
2025-07-16,WIPRO,262.79998779296875,260.6000061035156,257.50835929692005,Gradient Boosting
2025-07-17,WIPRO,260.6000061035156,266.95001220703125,258.42535144274945,Gradient Boosting
2025-07-18,WIPRO,266.95001220703125,260.3500061035156,265.77315755770894,Gradient Boosting
2025-07-21,WIPRO,260.3500061035156,259.70001220703125,264.44123472695674,Gradient Boosting
2025-07-22,WIPRO,259.70001220703125,261.3999938964844,258.91685274775347,Gradient Boosting
2025-07-23,WIPRO,261.3999938964844,261.8500061035156,258.9740605078038,Gradient Boosting
2025-07-24,WIPRO,261.8500061035156,259.20001220703125,259.9402547755403,Gradient Boosting
2025-07-25,WIPRO,259.20001220703125,250.0500030517578,256.55130896968467,Gradient Boosting
2025-07-28,WIPRO,250.0500030517578,251.8000030517578,247.489323799749,Gradient Boosting
2025-07-29,WIPRO,251.8000030517578,250.1999969482422,247.93235866663653,Gradient Boosting
2025-07-30,WIPRO,250.1999969482422,248.3000030517578,247.9808251047531,Gradient Boosting
2025-07-31,WIPRO,248.3000030517578,242.75,247.51220126300817,Gradient Boosting
2025-08-01,WIPRO,242.75,246.0500030517578,243.23612165612963,Gradient Boosting
2025-08-04,WIPRO,246.0500030517578,245.91000366210932,245.78439569329237,Gradient Boosting
2025-08-05,WIPRO,245.91000366210932,239.9600067138672,247.93235866663653,Gradient Boosting
2025-08-06,WIPRO,239.9600067138672,242.32000732421875,236.3360641563891,Gradient Boosting
2025-08-07,WIPRO,242.32000732421875,239.0500030517578,239.97777501316463,Gradient Boosting
2025-08-08,WIPRO,239.0500030517578,241.6199951171875,236.2303899582222,Gradient Boosting
2025-08-11,WIPRO,241.6199951171875,241.72000122070312,239.97777501316463,Gradient Boosting
2025-08-12,WIPRO,241.72000122070312,241.6499938964844,241.13151957462853,Gradient Boosting
2025-08-13,WIPRO,241.6499938964844,246.8099975585937,239.6837752362871,Gradient Boosting
2025-08-14,WIPRO,246.8099975585937,245.2100067138672,248.22635844351407,Gradient Boosting
2025-08-18,WIPRO,245.2100067138672,246.9600067138672,247.9808251047531,Gradient Boosting
2025-08-19,WIPRO,246.9600067138672,250.83999633789065,248.03803286480345,Gradient Boosting
2025-08-20,WIPRO,250.83999633789065,249.91000366210932,248.37319446947134,Gradient Boosting
2025-08-21,WIPRO,249.91000366210932,248.63999938964844,248.31589791745773,Gradient Boosting
2025-08-22,WIPRO,248.63999938964844,253.83999633789065,247.91585313389808,Gradient Boosting
2025-08-25,WIPRO,253.83999633789065,252.02999877929688,248.60467269107187,Gradient Boosting
2025-08-26,WIPRO,252.02999877929688,250.6499938964844,247.72238797967918,Gradient Boosting
2025-08-28,WIPRO,250.6499938964844,249.41000366210932,248.07623940897193,Gradient Boosting
2025-08-29,WIPRO,249.41000366210932,250.3600006103516,247.91585313389808,Gradient Boosting
2025-09-01,WIPRO,250.3600006103516,250.92999267578125,248.3664659232835,Gradient Boosting
2025-09-02,WIPRO,250.92999267578125,249.5599975585937,248.26079172511658,Gradient Boosting
2025-09-03,WIPRO,249.5599975585937,244.97000122070312,248.07623940897193,Gradient Boosting
2025-09-04,WIPRO,244.97000122070312,243.6699981689453,244.9488568986444,Gradient Boosting
2025-09-05,WIPRO,243.6699981689453,242.5200042724609,240.92076316342903,Gradient Boosting
2025-09-08,WIPRO,242.5200042724609,249.1499938964844,243.57407430998458,Gradient Boosting
2025-09-09,WIPRO,249.1499938964844,255.75,248.41935183026743,Gradient Boosting
2025-09-10,WIPRO,255.75,253.91000366210932,254.19611463228588,Gradient Boosting
2025-09-11,WIPRO,253.91000366210932,251.94000244140625,247.72238797967918,Gradient Boosting
2025-09-12,WIPRO,251.94000244140625,251.27999877929688,247.72238797967918,Gradient Boosting
2025-09-15,WIPRO,251.27999877929688,254.009994506836,248.0155132403513,Gradient Boosting
2025-09-16,WIPRO,254.009994506836,254.1499938964844,251.49784443371675,Gradient Boosting
2025-09-17,WIPRO,254.1499938964844,256.92999267578125,251.4952971816928,Gradient Boosting
2025-09-18,WIPRO,256.92999267578125,255.8800048828125,257.488950510906,Gradient Boosting
2025-09-19,WIPRO,255.8800048828125,250.3300018310547,254.22000314097426,Gradient Boosting
2025-09-22,WIPRO,250.3300018310547,249.6300048828125,247.53048562753935,Gradient Boosting
2025-09-23,WIPRO,249.6300048828125,244.58999633789065,248.12766113071038,Gradient Boosting
2025-09-24,WIPRO,244.58999633789065,242.0,245.28509139101186,Gradient Boosting
2025-09-25,WIPRO,242.0,235.75,240.688484707741,Gradient Boosting
2025-09-26,WIPRO,235.75,239.63999938964844,236.2303899582222,Gradient Boosting
2025-09-29,WIPRO,239.63999938964844,239.3699951171875,237.1787729983211,Gradient Boosting
2025-09-30,WIPRO,239.3699951171875,241.07000732421875,236.82756546139322,Gradient Boosting
2025-10-01,WIPRO,241.07000732421875,240.97999572753903,239.57810103812017,Gradient Boosting
2025-10-03,WIPRO,240.97999572753903,242.1300048828125,239.61386521920693,Gradient Boosting
2025-10-06,WIPRO,242.1300048828125,243.52999877929688,239.6837752362871,Gradient Boosting
2025-10-07,WIPRO,243.52999877929688,244.2700042724609,243.78483072118408,Gradient Boosting
2025-10-08,WIPRO,244.2700042724609,246.3999938964844,245.68696443010904,Gradient Boosting
2025-10-09,WIPRO,246.3999938964844,248.6999969482422,248.12053270252807,Gradient Boosting
2025-10-10,WIPRO,248.6999969482422,245.1300048828125,248.22635844351407,Gradient Boosting
2025-10-13,WIPRO,245.1300048828125,248.4199981689453,247.489323799749,Gradient Boosting
2025-10-14,WIPRO,248.4199981689453,250.2100067138672,248.22635844351407,Gradient Boosting
2025-10-15,WIPRO,250.2100067138672,253.8099975585937,248.20362118814896,Gradient Boosting
2025-10-16,WIPRO,253.8099975585937,240.8999938964844,248.60329516319342,Gradient Boosting
2025-10-17,WIPRO,240.8999938964844,241.2400054931641,238.7559818788105,Gradient Boosting
2025-10-20,WIPRO,241.2400054931641,241.3600006103516,239.6448329355577,Gradient Boosting
2025-10-21,WIPRO,241.3600006103516,244.3000030517578,239.6448329355577,Gradient Boosting
2025-10-23,WIPRO,244.3000030517578,242.97999572753903,245.83634770809027,Gradient Boosting
2025-10-24,WIPRO,242.97999572753903,243.91000366210932,243.64389869289047,Gradient Boosting
2025-10-27,WIPRO,243.91000366210932,242.3800048828125,243.64021422228777,Gradient Boosting
2025-10-28,WIPRO,242.3800048828125,242.27999877929688,241.09626174450185,Gradient Boosting
2025-10-29,WIPRO,242.27999877929688,241.9199981689453,243.6760640375488,Gradient Boosting
2025-10-30,WIPRO,241.9199981689453,240.6699981689453,241.02643736159595,Gradient Boosting
2025-10-31,WIPRO,240.6699981689453,240.5,238.22743534675246,Gradient Boosting
2025-11-03,WIPRO,240.5,237.9199981689453,236.77600653780829,Gradient Boosting
2025-11-04,WIPRO,237.9199981689453,240.0500030517578,236.07684130707304,Gradient Boosting
2025-11-06,WIPRO,240.0500030517578,236.4900054931641,237.01087084797413,Gradient Boosting
2025-11-07,WIPRO,236.4900054931641,239.83999633789065,236.18251550523996,Gradient Boosting
2025-11-10,WIPRO,239.83999633789065,241.69000244140625,236.9643321165189,Gradient Boosting
2025-11-11,WIPRO,241.69000244140625,245.22000122070312,239.6448329355577,Gradient Boosting
2025-11-12,WIPRO,245.22000122070312,245.3300018310547,248.18741614278468,Gradient Boosting
2025-11-13,WIPRO,245.3300018310547,244.3699951171875,247.99909056407407,Gradient Boosting
2025-11-14,WIPRO,244.3699951171875,244.0500030517578,245.54603240181544,Gradient Boosting
2025-11-17,WIPRO,244.0500030517578,240.8999938964844,243.1185941913897,Gradient Boosting
2025-11-18,WIPRO,240.8999938964844,246.07000732421875,238.4562130185827,Gradient Boosting
2025-11-19,WIPRO,246.07000732421875,246.259994506836,245.74437246038073,Gradient Boosting
2025-11-20,WIPRO,246.259994506836,244.4900054931641,247.99909056407407,Gradient Boosting
2025-11-21,WIPRO,244.4900054931641,247.2700042724609,245.18308275823742,Gradient Boosting
2025-11-24,WIPRO,247.2700042724609,245.63999938964844,248.31184263833984,Gradient Boosting
2025-11-25,WIPRO,245.63999938964844,250.19000244140625,248.021527332065,Gradient Boosting
2025-11-26,WIPRO,250.19000244140625,249.5599975585937,248.41751683650676,Gradient Boosting
2025-11-27,WIPRO,249.5599975585937,249.52999877929688,248.07623940897193,Gradient Boosting
2025-11-28,WIPRO,249.52999877929688,250.27999877929688,248.07255493836922,Gradient Boosting
2025-12-01,WIPRO,250.27999877929688,250.1699981689453,248.17822913653615,Gradient Boosting
2025-12-02,WIPRO,250.1699981689453,254.69000244140625,248.0178428614623,Gradient Boosting
2025-12-03,WIPRO,254.69000244140625,256.92999267578125,251.6222709292719,Gradient Boosting
2025-12-04,WIPRO,256.92999267578125,259.9100036621094,257.32271414419654,Gradient Boosting
2025-12-05,WIPRO,259.9100036621094,261.3800048828125,259.4686671821376,Gradient Boosting
2025-12-08,WIPRO,261.3800048828125,257.4100036621094,259.19436090805624,Gradient Boosting
2025-12-09,WIPRO,257.4100036621094,257.9800109863281,256.87728356810413,Gradient Boosting
2025-12-10,WIPRO,257.9800109863281,259.25,259.3000351062232,Gradient Boosting
2025-12-11,WIPRO,259.25,260.6000061035156,259.3000351062232,Gradient Boosting
2025-12-12,WIPRO,260.6000061035156,261.739990234375,259.3000351062232,Gradient Boosting
2025-12-15,WIPRO,261.739990234375,259.2200012207031,259.3000351062232,Gradient Boosting
2025-12-16,WIPRO,259.2200012207031,261.1400146484375,258.75132604116885,Gradient Boosting
2025-12-17,WIPRO,261.1400146484375,263.8500061035156,259.19436090805624,Gradient Boosting
2025-12-18,WIPRO,263.8500061035156,264.45001220703125,265.6695475757045,Gradient Boosting
2025-12-19,WIPRO,264.45001220703125,272.6700134277344,265.5826243481751,Gradient Boosting
2025-12-22,WIPRO,272.6700134277344,271.3999938964844,271.7077147965001,Gradient Boosting
2025-12-23,WIPRO,271.3999938964844,268.0599975585937,271.1308417689385,Gradient Boosting
2025-12-24,WIPRO,268.0599975585937,266.29998779296875,265.42483371889773,Gradient Boosting
2025-12-26,WIPRO,266.29998779296875,264.239990234375,265.63358646943516,Gradient Boosting
2025-12-29,WIPRO,264.239990234375,263.6499938964844,265.04053613213506,Gradient Boosting
2025-12-30,WIPRO,263.6499938964844,263.2799987792969,265.5279122712682,Gradient Boosting
